title,zip_path,years_active,segment_count,first_year,last_year,1822,1823,1824,1825,1826,1827,1828,1829,1830,1831,1832,1833,1834,1835,1836,1837,1838,1839,1840,1841,1842,1843,1844,1845,1846,1847,1848,1849,1850,1851,1852,1853,1854,1855,1856,1857,1858,1859,1860,1861,1862,1863,1864,1865,1866,1867,1868,1869,1870,1871,1872,1873,1874,1875,1876,1877,1878,1879,1880,1881,1882,1883,1884,1885,1886,1887,1888,1889,1890,1891,1892,1893,1894,1895,1896,1897,1898,1899,1900,1901,1902,1903,1904,1905,1906,1907,1908,1909,1910,1911,1912,1913,1914,1915,1916,1917,1918,1919,1920,1921,1922,1923,1924,1925,1926,1927,1928,1929,1930,1931,1932,1933,1934,1935,1936,1937,1938,1939,1940,1941,1942,1943,1944,1945,1946,1947,1948,1949,1950,1951,1952,1953,1954,1955,1956,1957,1958,1959,1960,1961,1962,1963,1964,1965,1966,1967,1968,1969,1970,1971,1972,1973,1974,1975,1976,1977,1978,1979,1980,1981,1982,1983,1984,1985,1986,1987,1988,1989,1990,1991,1992,1993,1994,1995,1996,1997,1998,1999,2000,2001,2002,2003,2004,2005,2006,2007,2008,2009,2010,2011,2019,2020,2021,2022
adelaides_latviesu_zinotajs,I:/zips/adelaides_latviesu_zinotajs_articles.zip,12,725,1962,2003,,,,,,,,,,,,,,,,,,,,,,,,,,,,,,,,,,,,,,,,,,,,,,,,,,,,,,,,,,,,,,,,,,,,,,,,,,,,,,,,,,,,,,,,,,,,,,,,,,,,,,,,,,,,,,,,,,,,,,,,,,,,,,,,,,,,,,,,,,,,,14.0,,,,,,,,,,,,,,,19.0,,,,,,,,,,,21.0,,,,,,,43.0,76.0,89.0,60.0,85.0,89.0,108.0,110.0,11.0,,,,,,,,,,,,
australijas_latvietis,I:/zips/australijas_latvietis_articles.zip,63,93179,1949,2011,,,,,,,,,,,,,,,,,,,,,,,,,,,,,,,,,,,,,,,,,,,,,,,,,,,,,,,,,,,,,,,,,,,,,,,,,,,,,,,,,,,,,,,,,,,,,,,,,,,,,,,,,,,,,,,,,,,,,,,,,,,,,,,,443.0,1388.0,1338.0,1530.0,2096.0,2000.0,2115.0,2104.0,2121.0,2255.0,2222.0,2190.0,2179.0,2102.0,1974.0,2136.0,2232.0,2066.0,1998.0,1894.0,1833.0,1482.0,1898.0,1758.0,1743.0,1723.0,1743.0,1393.0,1415.0,1347.0,1375.0,1399.0,1294.0,1191.0,1163.0,1119.0,1232.0,1136.0,1221.0,1193.0,1037.0,1132.0,1153.0,1096.0,1121.0,989.0,977.0,896.0,981.0,968.0,972.0,979.0,1199.0,1352.0,1364.0,1281.0,1228.0,1152.0,1259.0,1287.0,1212.0,1251.0,1252.0,,,,
avangards_daugavpils,I:/zips/avangards_daugavpils_articles.zip,31,77967,1962,1992,,,,,,,,,,,,,,,,,,,,,,,,,,,,,,,,,,,,,,,,,,,,,,,,,,,,,,,,,,,,,,,,,,,,,,,,,,,,,,,,,,,,,,,,,,,,,,,,,,,,,,,,,,,,,,,,,,,,,,,,,,,,,,,,,,,,,,,,,,,,,1842.0,2823.0,2788.0,2676.0,2746.0,2701.0,2685.0,2617.0,2784.0,2716.0,2846.0,2759.0,2710.0,2654.0,2745.0,2794.0,2850.0,2766.0,2783.0,2744.0,2756.0,2844.0,2705.0,2686.0,2572.0,2029.0,1906.0,1915.0,2060.0,2025.0,440.0,,,,,,,,,,,,,,,,,,,,,,,
avots,I:/zips/avots_articles.zip,11,7567,1905,1915,,,,,,,,,,,,,,,,,,,,,,,,,,,,,,,,,,,,,,,,,,,,,,,,,,,,,,,,,,,,,,,,,,,,,,,,,,,,,,,,,,,,524.0,801.0,773.0,762.0,774.0,799.0,766.0,755.0,709.0,589.0,315.0,,,,,,,,,,,,,,,,,,,,,,,,,,,,,,,,,,,,,,,,,,,,,,,,,,,,,,,,,,,,,,,,,,,,,,,,,,,,,,,,,,,,,,,,,,,,,,,,,,,,
avots_latvijas_rakstnieku_savienibas_zurnals,I:/zips/avots_latvijas_rakstnieku_savienibas_zurnals_articles.zip,6,1188,1987,1992,,,,,,,,,,,,,,,,,,,,,,,,,,,,,,,,,,,,,,,,,,,,,,,,,,,,,,,,,,,,,,,,,,,,,,,,,,,,,,,,,,,,,,,,,,,,,,,,,,,,,,,,,,,,,,,,,,,,,,,,,,,,,,,,,,,,,,,,,,,,,,,,,,,,,,,,,,,,,,,,,,,,,,299.0,262.0,224.0,219.0,122.0,62.0,,,,,,,,,,,,,,,,,,,,,,,
baltijas_vestnesis,I:/zips/baltijas_vestnesis_articles.zip,43,78012,1868,1920,,,,,,,,,,,,,,,,,,,,,,,,,,,,,,,,,,,,,,,,,,,,,,,4.0,315.0,159.0,158.0,161.0,160.0,159.0,162.0,155.0,162.0,168.0,157.0,1286.0,2523.0,2440.0,2468.0,2354.0,2458.0,2373.0,1286.0,2523.0,2850.0,2412.0,2990.0,3243.0,2559.0,2693.0,2887.0,3337.0,2582.0,2587.0,2857.0,2386.0,2358.0,2405.0,2239.0,2801.0,3245.0,273.0,,,,,,,,,,,1931.0,762.0,2245.0,4739.0,,,,,,,,,,,,,,,,,,,,,,,,,,,,,,,,,,,,,,,,,,,,,,,,,,,,,,,,,,,,,,,,,,,,,,,,,,,,,,,,,,,,,,,,,,,,,,,
baltija,I:/zips/baltija_articles.zip,2,3225,1916,1917,,,,,,,,,,,,,,,,,,,,,,,,,,,,,,,,,,,,,,,,,,,,,,,,,,,,,,,,,,,,,,,,,,,,,,,,,,,,,,,,,,,,,,,,,,,,,,,2550.0,675.0,,,,,,,,,,,,,,,,,,,,,,,,,,,,,,,,,,,,,,,,,,,,,,,,,,,,,,,,,,,,,,,,,,,,,,,,,,,,,,,,,,,,,,,,,,,,,,,,,,
baznicas_zinas,I:/zips/baznicas_zinas_articles.zip,3,1612,1942,1944,,,,,,,,,,,,,,,,,,,,,,,,,,,,,,,,,,,,,,,,,,,,,,,,,,,,,,,,,,,,,,,,,,,,,,,,,,,,,,,,,,,,,,,,,,,,,,,,,,,,,,,,,,,,,,,,,,,,,,,,,411.0,736.0,465.0,,,,,,,,,,,,,,,,,,,,,,,,,,,,,,,,,,,,,,,,,,,,,,,,,,,,,,,,,,,,,,,,,,,,,,,
berniba,I:/zips/berniba_articles.zip,20,6350,1945,1964,,,,,,,,,,,,,,,,,,,,,,,,,,,,,,,,,,,,,,,,,,,,,,,,,,,,,,,,,,,,,,,,,,,,,,,,,,,,,,,,,,,,,,,,,,,,,,,,,,,,,,,,,,,,,,,,,,,,,,,,,,,,21.0,240.0,209.0,258.0,260.0,369.0,360.0,353.0,347.0,319.0,333.0,362.0,386.0,393.0,387.0,373.0,437.0,381.0,406.0,156.0,,,,,,,,,,,,,,,,,,,,,,,,,,,,,,,,,,,,,,,,,,,,,,,,,,,
briva_latvija_apvienota_londonas_avize_un_latvija,I:/zips/briva_latvija_apvienota_londonas_avize_un_latvija_articles.zip,26,48181,1986,2011,,,,,,,,,,,,,,,,,,,,,,,,,,,,,,,,,,,,,,,,,,,,,,,,,,,,,,,,,,,,,,,,,,,,,,,,,,,,,,,,,,,,,,,,,,,,,,,,,,,,,,,,,,,,,,,,,,,,,,,,,,,,,,,,,,,,,,,,,,,,,,,,,,,,,,,,,,,,,,,,,,,,,539.0,1808.0,1835.0,2000.0,1973.0,2145.0,2308.0,2000.0,2247.0,2399.0,2405.0,2275.0,2195.0,2202.0,2226.0,2136.0,2082.0,1693.0,1610.0,1571.0,1661.0,1631.0,1517.0,1302.0,1347.0,1074.0,,,,
briva_zeme,I:/zips/briva_zeme_articles.zip,22,259067,1919,1940,,,,,,,,,,,,,,,,,,,,,,,,,,,,,,,,,,,,,,,,,,,,,,,,,,,,,,,,,,,,,,,,,,,,,,,,,,,,,,,,,,,,,,,,,,,,,,,,,,3794.0,8356.0,7979.0,4537.0,5523.0,6383.0,5732.0,7024.0,7965.0,10226.0,8504.0,11143.0,12451.0,12380.0,13260.0,13661.0,14668.0,20661.0,22684.0,25741.0,22650.0,13745.0,,,,,,,,,,,,,,,,,,,,,,,,,,,,,,,,,,,,,,,,,,,,,,,,,,,,,,,,,,,,,,,,,,,,,,,,,,,
briviba,I:/zips/briviba_articles.zip,48,7600,1948,1999,,,,,,,,,,,,,,,,,,,,,,,,,,,,,,,,,,,,,,,,,,,,,,,,,,,,,,,,,,,,,,,,,,,,,,,,,,,,,,,,,,,,,,,,,,,,,,,,,,,,,,,,,,,,,,,,,,,,,,,,,,,,,,,34.0,17.0,9.0,,,,156.0,220.0,170.0,158.0,239.0,212.0,241.0,221.0,189.0,184.0,204.0,233.0,258.0,291.0,260.0,237.0,266.0,280.0,159.0,153.0,165.0,247.0,260.0,201.0,173.0,166.0,182.0,164.0,180.0,113.0,120.0,143.0,106.0,90.0,77.0,99.0,57.0,85.0,149.0,24.0,,90.0,99.0,92.0,80.0,47.0,,,,,,,,,,,,,,,,
burtnieks,I:/zips/burtnieks_articles.zip,11,2772,1927,1945,,,,,,,,,,,,,,,,,,,,,,,,,,,,,,,,,,,,,,,,,,,,,,,,,,,,,,,,,,,,,,,,,,,,,,,,,,,,,,,,,,,,,,,,,,,,,,,,,,,,,,,,,,193.0,281.0,263.0,225.0,328.0,336.0,342.0,308.0,327.0,120.0,,,,,,,,,49.0,,,,,,,,,,,,,,,,,,,,,,,,,,,,,,,,,,,,,,,,,,,,,,,,,,,,,,,,,,,,,,,,,,,,,,
cela_zimes,I:/zips/cela_zimes_articles.zip,27,2066,1948,1987,,,,,,,,,,,,,,,,,,,,,,,,,,,,,,,,,,,,,,,,,,,,,,,,,,,,,,,,,,,,,,,,,,,,,,,,,,,,,,,,,,,,,,,,,,,,,,,,,,,,,,,,,,,,,,,,,,,,,,,,,,,,,,,35.0,85.0,74.0,24.0,52.0,205.0,175.0,159.0,106.0,28.0,76.0,29.0,,76.0,,82.0,30.0,,,,,,150.0,67.0,92.0,105.0,74.0,77.0,37.0,25.0,47.0,,,62.0,53.0,,,,,41.0,,,,,,,,,,,,,,,,,,,,,,,,,,,,
cina,I:/zips/cina_articles.zip,55,540722,1904,1991,,,,,,,,,,,,,,,,,,,,,,,,,,,,,,,,,,,,,,,,,,,,,,,,,,,,,,,,,,,,,,,,,,,,,,,,,,,,,,,,,,,41.0,51.0,,,,,,,,,,,,2748.0,,,,,,,,,,,,,,,,,,,,,,,8341.0,7259.0,971.0,990.0,3054.0,11827.0,12679.0,14625.0,13927.0,12708.0,13185.0,12009.0,11040.0,11040.0,11371.0,11447.0,12133.0,13149.0,14400.0,13884.0,12790.0,11837.0,11244.0,12607.0,14000.0,14152.0,13538.0,13566.0,11518.0,11316.0,11579.0,10810.0,11535.0,11057.0,10510.0,10932.0,10705.0,9938.0,9827.0,10011.0,10164.0,9463.0,9485.0,9685.0,8921.0,8680.0,7961.0,7420.0,6588.0,7156.0,6002.0,2846.0,,,,,,,,,,,,,,,,,,,,,,,,
dadzis,I:/zips/dadzis_articles.zip,46,40234,1912,2008,,,,,,,,,,,,,,,,,,,,,,,,,,,,,,,,,,,,,,,,,,,,,,,,,,,,,,,,,,,,,,,,,,,,,,,,,,,,,,,,,,,,,,,,,,,362.0,,,,,,,,,,,,,,,,,,,95.0,124.0,,,,,,,,,,,,,,,,,,,,,,,,,890.0,748.0,802.0,823.0,891.0,983.0,968.0,973.0,920.0,941.0,969.0,922.0,908.0,952.0,956.0,1030.0,1013.0,956.0,919.0,941.0,904.0,927.0,958.0,967.0,965.0,938.0,996.0,997.0,1006.0,1000.0,988.0,854.0,838.0,754.0,772.0,949.0,919.0,683.0,531.0,,,,,,,,,,364.0,1915.0,1437.0,486.0,,,,,,,
darba_balss_rigas_rajons,I:/zips/darba_balss_rigas_rajons_articles.zip,46,100447,1945,1990,,,,,,,,,,,,,,,,,,,,,,,,,,,,,,,,,,,,,,,,,,,,,,,,,,,,,,,,,,,,,,,,,,,,,,,,,,,,,,,,,,,,,,,,,,,,,,,,,,,,,,,,,,,,,,,,,,,,,,,,,,,,952.0,1898.0,1736.0,1517.0,1714.0,1396.0,1562.0,1429.0,1313.0,1142.0,1130.0,2158.0,2618.0,2738.0,2680.0,2674.0,2708.0,2794.0,2563.0,2735.0,2646.0,2826.0,2572.0,2530.0,2343.0,2270.0,2458.0,2533.0,2674.0,2636.0,2569.0,2527.0,2413.0,2441.0,2399.0,2263.0,2441.0,2317.0,2168.0,2140.0,2152.0,2118.0,2031.0,1907.0,1867.0,1749.0,,,,,,,,,,,,,,,,,,,,,,,,,
darba_karogs_rezekne,I:/zips/darba_karogs_rezekne_articles.zip,4,11000,1988,1991,,,,,,,,,,,,,,,,,,,,,,,,,,,,,,,,,,,,,,,,,,,,,,,,,,,,,,,,,,,,,,,,,,,,,,,,,,,,,,,,,,,,,,,,,,,,,,,,,,,,,,,,,,,,,,,,,,,,,,,,,,,,,,,,,,,,,,,,,,,,,,,,,,,,,,,,,,,,,,,,,,,,,,,2003.0,3037.0,3069.0,2891.0,,,,,,,,,,,,,,,,,,,,,,,,
darba_karogs_valka,I:/zips/darba_karogs_valka_articles.zip,37,83494,1953,1989,,,,,,,,,,,,,,,,,,,,,,,,,,,,,,,,,,,,,,,,,,,,,,,,,,,,,,,,,,,,,,,,,,,,,,,,,,,,,,,,,,,,,,,,,,,,,,,,,,,,,,,,,,,,,,,,,,,,,,,,,,,,,,,,,,,,1171.0,1459.0,1646.0,2375.0,2300.0,2587.0,2935.0,3579.0,3178.0,839.0,2405.0,2664.0,2480.0,2458.0,2360.0,2524.0,2522.0,2758.0,2629.0,2691.0,2627.0,2660.0,2704.0,2608.0,2341.0,2097.0,2082.0,1874.0,1871.0,1736.0,2280.0,2108.0,2195.0,2161.0,1974.0,1966.0,650.0,,,,,,,,,,,,,,,,,,,,,,,,,,
darba_uzvara_jelgava,I:/zips/darba_uzvara_jelgava_articles.zip,28,91396,1962,1989,,,,,,,,,,,,,,,,,,,,,,,,,,,,,,,,,,,,,,,,,,,,,,,,,,,,,,,,,,,,,,,,,,,,,,,,,,,,,,,,,,,,,,,,,,,,,,,,,,,,,,,,,,,,,,,,,,,,,,,,,,,,,,,,,,,,,,,,,,,,,2035.0,3382.0,3334.0,2965.0,2959.0,3553.0,3571.0,3499.0,3453.0,3474.0,3720.0,3685.0,3786.0,3533.0,3367.0,3566.0,3467.0,3849.0,3737.0,3400.0,3126.0,3040.0,3208.0,3295.0,3419.0,3431.0,2985.0,557.0,,,,,,,,,,,,,,,,,,,,,,,,,,
daugavas_vanagu_menesraksts,I:/zips/daugavas_vanagu_menesraksts_articles.zip,47,8165,1965,2011,,,,,,,,,,,,,,,,,,,,,,,,,,,,,,,,,,,,,,,,,,,,,,,,,,,,,,,,,,,,,,,,,,,,,,,,,,,,,,,,,,,,,,,,,,,,,,,,,,,,,,,,,,,,,,,,,,,,,,,,,,,,,,,,,,,,,,,,,,,,,,,,183.0,191.0,168.0,150.0,131.0,159.0,196.0,206.0,200.0,213.0,199.0,175.0,209.0,199.0,196.0,199.0,213.0,191.0,207.0,213.0,186.0,204.0,202.0,188.0,201.0,219.0,183.0,173.0,189.0,191.0,151.0,97.0,145.0,143.0,146.0,135.0,151.0,159.0,143.0,126.0,139.0,143.0,157.0,157.0,153.0,160.0,126.0,,,,
daugava,I:/zips/daugava_articles.zip,16,4518,1928,1947,,,,,,,,,,,,,,,,,,,,,,,,,,,,,,,,,,,,,,,,,,,,,,,,,,,,,,,,,,,,,,,,,,,,,,,,,,,,,,,,,,,,,,,,,,,,,,,,,,,,,,,,,,,435.0,382.0,376.0,398.0,327.0,308.0,287.0,318.0,300.0,322.0,294.0,307.0,179.0,,,,,93.0,77.0,115.0,,,,,,,,,,,,,,,,,,,,,,,,,,,,,,,,,,,,,,,,,,,,,,,,,,,,,,,,,,,,,,,,,,,,
diena,I:/zips/diena_articles.zip,7,106398,1990,1996,,,,,,,,,,,,,,,,,,,,,,,,,,,,,,,,,,,,,,,,,,,,,,,,,,,,,,,,,,,,,,,,,,,,,,,,,,,,,,,,,,,,,,,,,,,,,,,,,,,,,,,,,,,,,,,,,,,,,,,,,,,,,,,,,,,,,,,,,,,,,,,,,,,,,,,,,,,,,,,,,,,,,,,,,1032.0,11265.0,15662.0,17803.0,20428.0,19668.0,20540.0,,,,,,,,,,,,,,,,,,,
dzimtenes_balss,I:/zips/dzimtenes_balss_articles.zip,37,51381,1946,1989,,,,,,,,,,,,,,,,,,,,,,,,,,,,,,,,,,,,,,,,,,,,,,,,,,,,,,,,,,,,,,,,,,,,,,,,,,,,,,,,,,,,,,,,,,,,,,,,,,,,,,,,,,,,,,,,,,,,,,,,,,,,,15.0,41.0,168.0,,14.0,13.0,,,,,,,986.0,1486.0,1432.0,1890.0,2657.0,2421.0,2279.0,2229.0,2198.0,2173.0,1779.0,1566.0,1534.0,1609.0,1452.0,1480.0,1475.0,1442.0,1522.0,1323.0,1337.0,1406.0,1431.0,1335.0,1423.0,1282.0,1117.0,1222.0,1323.0,1430.0,1421.0,1470.0,,,,,,,,,,,,,,,,,,,,,,,,,,
dzimtenes_vestnesis,I:/zips/dzimtenes_vestnesis_articles.zip,11,49705,1907,1917,,,,,,,,,,,,,,,,,,,,,,,,,,,,,,,,,,,,,,,,,,,,,,,,,,,,,,,,,,,,,,,,,,,,,,,,,,,,,,,,,,,,,,729.0,4734.0,5341.0,5858.0,4853.0,5665.0,5651.0,6118.0,5532.0,3777.0,1447.0,,,,,,,,,,,,,,,,,,,,,,,,,,,,,,,,,,,,,,,,,,,,,,,,,,,,,,,,,,,,,,,,,,,,,,,,,,,,,,,,,,,,,,,,,,,,,,,,,,
dzirkstele_gulbene,I:/zips/dzirkstele_gulbene_articles.zip,29,69730,1962,1990,,,,,,,,,,,,,,,,,,,,,,,,,,,,,,,,,,,,,,,,,,,,,,,,,,,,,,,,,,,,,,,,,,,,,,,,,,,,,,,,,,,,,,,,,,,,,,,,,,,,,,,,,,,,,,,,,,,,,,,,,,,,,,,,,,,,,,,,,,,,,1673.0,2753.0,2854.0,2926.0,2860.0,2693.0,2702.0,2483.0,2529.0,2480.0,2467.0,2317.0,2559.0,2522.0,2484.0,2504.0,2547.0,2572.0,2425.0,2371.0,2455.0,2327.0,2050.0,2216.0,2206.0,2161.0,2049.0,1784.0,1761.0,,,,,,,,,,,,,,,,,,,,,,,,,
eljas_informacija,I:/zips/eljas_informacija_articles.zip,10,763,1969,1978,,,,,,,,,,,,,,,,,,,,,,,,,,,,,,,,,,,,,,,,,,,,,,,,,,,,,,,,,,,,,,,,,,,,,,,,,,,,,,,,,,,,,,,,,,,,,,,,,,,,,,,,,,,,,,,,,,,,,,,,,,,,,,,,,,,,,,,,,,,,,,,,,,,,22.0,35.0,95.0,89.0,145.0,89.0,50.0,86.0,106.0,46.0,,,,,,,,,,,,,,,,,,,,,,,,,,,,,,,,,,,,,
elja_informacija,I:/zips/elja_informacija_articles.zip,16,954,1978,1993,,,,,,,,,,,,,,,,,,,,,,,,,,,,,,,,,,,,,,,,,,,,,,,,,,,,,,,,,,,,,,,,,,,,,,,,,,,,,,,,,,,,,,,,,,,,,,,,,,,,,,,,,,,,,,,,,,,,,,,,,,,,,,,,,,,,,,,,,,,,,,,,,,,,,,,,,,,,,73.0,80.0,30.0,111.0,101.0,40.0,121.0,55.0,51.0,45.0,32.0,39.0,96.0,22.0,38.0,20.0,,,,,,,,,,,,,,,,,,,,,,
ilustretais_zurnals,I:/zips/ilustretais_zurnals_articles.zip,10,3339,1920,1929,,,,,,,,,,,,,,,,,,,,,,,,,,,,,,,,,,,,,,,,,,,,,,,,,,,,,,,,,,,,,,,,,,,,,,,,,,,,,,,,,,,,,,,,,,,,,,,,,,,104.0,193.0,172.0,1153.0,1113.0,165.0,178.0,128.0,101.0,32.0,,,,,,,,,,,,,,,,,,,,,,,,,,,,,,,,,,,,,,,,,,,,,,,,,,,,,,,,,,,,,,,,,,,,,,,,,,,,,,,,,,,,,,
izglitibas_ministrijas_menesraksts,I:/zips/izglitibas_ministrijas_menesraksts_articles.zip,20,4375,1920,1939,,,,,,,,,,,,,,,,,,,,,,,,,,,,,,,,,,,,,,,,,,,,,,,,,,,,,,,,,,,,,,,,,,,,,,,,,,,,,,,,,,,,,,,,,,,,,,,,,,,291.0,360.0,153.0,136.0,174.0,166.0,147.0,136.0,157.0,132.0,148.0,112.0,99.0,103.0,134.0,145.0,510.0,507.0,509.0,256.0,,,,,,,,,,,,,,,,,,,,,,,,,,,,,,,,,,,,,,,,,,,,,,,,,,,,,,,,,,,,,,,,,,,,,,,,,,,,
jaunais_inzenieris,I:/zips/jaunais_inzenieris_articles.zip,27,8484,1959,1985,,,,,,,,,,,,,,,,,,,,,,,,,,,,,,,,,,,,,,,,,,,,,,,,,,,,,,,,,,,,,,,,,,,,,,,,,,,,,,,,,,,,,,,,,,,,,,,,,,,,,,,,,,,,,,,,,,,,,,,,,,,,,,,,,,,,,,,,,,276.0,283.0,240.0,314.0,251.0,335.0,245.0,390.0,250.0,372.0,362.0,261.0,357.0,309.0,281.0,385.0,306.0,349.0,330.0,319.0,360.0,219.0,398.0,304.0,252.0,380.0,356.0,,,,,,,,,,,,,,,,,,,,,,,,,,,,,,
jaunakas_zinas,I:/zips/jaunakas_zinas_articles.zip,30,346518,1911,1940,,,,,,,,,,,,,,,,,,,,,,,,,,,,,,,,,,,,,,,,,,,,,,,,,,,,,,,,,,,,,,,,,,,,,,,,,,,,,,,,,,,,,,,,,,216.0,2707.0,1778.0,2213.0,2003.0,1846.0,885.0,239.0,2161.0,3162.0,3938.0,3770.0,4162.0,5375.0,8759.0,8015.0,11882.0,13028.0,13411.0,15055.0,14532.0,17114.0,17978.0,18254.0,16295.0,33542.0,47067.0,40013.0,20010.0,17108.0,,,,,,,,,,,,,,,,,,,,,,,,,,,,,,,,,,,,,,,,,,,,,,,,,,,,,,,,,,,,,,,,,,,,,,,,,,,
jaunibas_tekas,I:/zips/jaunibas_tekas_articles.zip,17,3294,1910,1930,,,,,,,,,,,,,,,,,,,,,,,,,,,,,,,,,,,,,,,,,,,,,,,,,,,,,,,,,,,,,,,,,,,,,,,,,,,,,,,,,,,,,,,,,215.0,205.0,220.0,221.0,198.0,85.0,,,,,199.0,181.0,281.0,289.0,257.0,194.0,163.0,162.0,168.0,159.0,97.0,,,,,,,,,,,,,,,,,,,,,,,,,,,,,,,,,,,,,,,,,,,,,,,,,,,,,,,,,,,,,,,,,,,,,,,,,,,,,,,,,,,,,
jurmala_1980_1998,I:/zips/jurmala_1980_1998_articles.zip,11,26291,1980,1990,,,,,,,,,,,,,,,,,,,,,,,,,,,,,,,,,,,,,,,,,,,,,,,,,,,,,,,,,,,,,,,,,,,,,,,,,,,,,,,,,,,,,,,,,,,,,,,,,,,,,,,,,,,,,,,,,,,,,,,,,,,,,,,,,,,,,,,,,,,,,,,,,,,,,,,,,,,,,,,2777.0,3425.0,2942.0,2824.0,2656.0,2807.0,2399.0,1624.0,1702.0,1520.0,1615.0,,,,,,,,,,,,,,,,,,,,,,,,,
karogs,I:/zips/karogs_articles.zip,55,39406,1940,1995,,,,,,,,,,,,,,,,,,,,,,,,,,,,,,,,,,,,,,,,,,,,,,,,,,,,,,,,,,,,,,,,,,,,,,,,,,,,,,,,,,,,,,,,,,,,,,,,,,,,,,,,,,,,,,,,,,,,,,,184.0,271.0,31.0,49.0,,383.0,360.0,306.0,307.0,248.0,266.0,259.0,337.0,362.0,329.0,358.0,395.0,484.0,714.0,594.0,687.0,750.0,715.0,693.0,819.0,876.0,1106.0,1170.0,1106.0,1089.0,1069.0,1108.0,1157.0,1148.0,1117.0,1161.0,1141.0,1093.0,1205.0,1166.0,1304.0,1274.0,1210.0,1047.0,1037.0,986.0,989.0,711.0,687.0,910.0,352.0,178.0,263.0,458.0,744.0,643.0,,,,,,,,,,,,,,,,,,,,
kino,I:/zips/kino_articles.zip,34,11643,1926,1990,,,,,,,,,,,,,,,,,,,,,,,,,,,,,,,,,,,,,,,,,,,,,,,,,,,,,,,,,,,,,,,,,,,,,,,,,,,,,,,,,,,,,,,,,,,,,,,,,,,,,,,,,31.0,192.0,,1254.0,696.0,,,,,,,,,,,,,,,,,,,,,,,,,,,,,,,372.0,311.0,381.0,388.0,349.0,374.0,406.0,401.0,449.0,417.0,381.0,339.0,312.0,320.0,275.0,296.0,322.0,274.0,398.0,376.0,372.0,245.0,226.0,233.0,223.0,212.0,212.0,204.0,201.0,201.0,,,,,,,,,,,,,,,,,,,,,,,,,
komunars_dobele,I:/zips/komunars_dobele_articles.zip,24,55232,1967,1990,,,,,,,,,,,,,,,,,,,,,,,,,,,,,,,,,,,,,,,,,,,,,,,,,,,,,,,,,,,,,,,,,,,,,,,,,,,,,,,,,,,,,,,,,,,,,,,,,,,,,,,,,,,,,,,,,,,,,,,,,,,,,,,,,,,,,,,,,,,,,,,,,,2057.0,2500.0,2246.0,2236.0,2441.0,2572.0,2512.0,2637.0,2383.0,2522.0,2515.0,2447.0,2322.0,2406.0,2337.0,2246.0,2292.0,2359.0,2392.0,2294.0,2299.0,2320.0,2241.0,656.0,,,,,,,,,,,,,,,,,,,,,,,,,
komunisma_cels_bauska,I:/zips/komunisma_cels_bauska_articles.zip,28,74606,1962,1989,,,,,,,,,,,,,,,,,,,,,,,,,,,,,,,,,,,,,,,,,,,,,,,,,,,,,,,,,,,,,,,,,,,,,,,,,,,,,,,,,,,,,,,,,,,,,,,,,,,,,,,,,,,,,,,,,,,,,,,,,,,,,,,,,,,,,,,,,,,,,2020.0,3269.0,3144.0,3448.0,3051.0,3020.0,3035.0,3133.0,3353.0,3254.0,3085.0,2859.0,2826.0,2576.0,2802.0,2828.0,2759.0,2633.0,2717.0,2505.0,2229.0,2417.0,2334.0,2346.0,2205.0,2304.0,2070.0,384.0,,,,,,,,,,,,,,,,,,,,,,,,,,
komunisma_rits_tukums,I:/zips/komunisma_rits_tukums_articles.zip,27,72474,1962,1988,,,,,,,,,,,,,,,,,,,,,,,,,,,,,,,,,,,,,,,,,,,,,,,,,,,,,,,,,,,,,,,,,,,,,,,,,,,,,,,,,,,,,,,,,,,,,,,,,,,,,,,,,,,,,,,,,,,,,,,,,,,,,,,,,,,,,,,,,,,,,1884.0,2827.0,2957.0,3314.0,2979.0,2669.0,2441.0,2487.0,2616.0,2478.0,2370.0,2433.0,2532.0,2446.0,2543.0,2766.0,2709.0,3132.0,3219.0,3057.0,3020.0,2902.0,2733.0,2713.0,2645.0,2380.0,2222.0,,,,,,,,,,,,,,,,,,,,,,,,,,,
komunisma_uzvara_aizkraukle,I:/zips/komunisma_uzvara_aizkraukle_articles.zip,23,55187,1967,1989,,,,,,,,,,,,,,,,,,,,,,,,,,,,,,,,,,,,,,,,,,,,,,,,,,,,,,,,,,,,,,,,,,,,,,,,,,,,,,,,,,,,,,,,,,,,,,,,,,,,,,,,,,,,,,,,,,,,,,,,,,,,,,,,,,,,,,,,,,,,,,,,,,2310.0,2697.0,2621.0,2644.0,2701.0,2918.0,2988.0,2944.0,2604.0,2616.0,2369.0,2324.0,2397.0,2300.0,2437.0,2371.0,2310.0,2294.0,2216.0,2319.0,2256.0,2107.0,444.0,,,,,,,,,,,,,,,,,,,,,,,,,,
komunists_liepaja,I:/zips/komunists_liepaja_articles.zip,48,261170,1940,1990,,,,,,,,,,,,,,,,,,,,,,,,,,,,,,,,,,,,,,,,,,,,,,,,,,,,,,,,,,,,,,,,,,,,,,,,,,,,,,,,,,,,,,,,,,,,,,,,,,,,,,,,,,,,,,,,,,,,,,,5191.0,5017.0,,,,3684.0,6726.0,7492.0,8134.0,7114.0,8175.0,8018.0,7858.0,6550.0,6957.0,6354.0,6260.0,6326.0,9710.0,12563.0,11805.0,9798.0,6056.0,4970.0,6565.0,5883.0,5914.0,6088.0,5071.0,4146.0,4556.0,4479.0,4340.0,4238.0,3885.0,3439.0,3476.0,3444.0,3785.0,2936.0,3716.0,3596.0,3376.0,3623.0,3671.0,3597.0,3321.0,2919.0,2809.0,2763.0,776.0,,,,,,,,,,,,,,,,,,,,,,,,,
kopdarbiba,I:/zips/kopdarbiba_articles.zip,18,9478,1920,1937,,,,,,,,,,,,,,,,,,,,,,,,,,,,,,,,,,,,,,,,,,,,,,,,,,,,,,,,,,,,,,,,,,,,,,,,,,,,,,,,,,,,,,,,,,,,,,,,,,,586.0,944.0,899.0,976.0,963.0,284.0,250.0,232.0,716.0,695.0,661.0,710.0,218.0,210.0,325.0,283.0,262.0,264.0,,,,,,,,,,,,,,,,,,,,,,,,,,,,,,,,,,,,,,,,,,,,,,,,,,,,,,,,,,,,,,,,,,,,,,,,,,,,,,
laikmets,I:/zips/laikmets_articles.zip,13,4529,1923,1968,,,,,,,,,,,,,,,,,,,,,,,,,,,,,,,,,,,,,,,,,,,,,,,,,,,,,,,,,,,,,,,,,,,,,,,,,,,,,,,,,,,,,,,,,,,,,,,,,,,,,,37.0,482.0,,,,,,,,,,,,,,,,,,1290.0,974.0,1052.0,,,,,,,,,296.0,121.0,73.0,48.0,,83.0,,28.0,,22.0,,,,,,23.0,,,,,,,,,,,,,,,,,,,,,,,,,,,,,,,,,,,,,,,,,,,,,,,
laiks,I:/zips/laiks_articles.zip,66,305350,1917,2011,,,,,,,,,,,,,,,,,,,,,,,,,,,,,,,,,,,,,,,,,,,,,,,,,,,,,,,,,,,,,,,,,,,,,,,,,,,,,,,,,,,,,,,,,,,,,,,,31.0,,,,,,,227.0,155.0,,,,,,,,,,,,,,,,,,,,,,,,293.0,4020.0,6759.0,6907.0,7059.0,6919.0,6723.0,6502.0,6435.0,6222.0,6140.0,6230.0,6195.0,6226.0,5924.0,6016.0,5877.0,5888.0,6253.0,5811.0,5579.0,6348.0,6844.0,5887.0,6214.0,6186.0,5334.0,5296.0,5214.0,5308.0,5359.0,5290.0,4646.0,4345.0,4366.0,4766.0,4800.0,4878.0,5155.0,5126.0,5101.0,5094.0,5274.0,4767.0,4949.0,4885.0,4815.0,3530.0,3344.0,3748.0,3432.0,3244.0,3127.0,3085.0,2746.0,2481.0,2446.0,2387.0,2281.0,2682.0,2300.0,2176.0,1703.0,,,,
laras_lapa_latviesu_rakstnieku_apvieniba,I:/zips/laras_lapa_latviesu_rakstnieku_apvieniba_articles.zip,18,964,1974,1998,,,,,,,,,,,,,,,,,,,,,,,,,,,,,,,,,,,,,,,,,,,,,,,,,,,,,,,,,,,,,,,,,,,,,,,,,,,,,,,,,,,,,,,,,,,,,,,,,,,,,,,,,,,,,,,,,,,,,,,,,,,,,,,,,,,,,,,,,,,,,,,,,,,,,,,,,10.0,8.0,59.0,93.0,53.0,73.0,77.0,51.0,91.0,76.0,36.0,73.0,61.0,43.0,,,,28.0,,,44.0,,48.0,,40.0,,,,,,,,,,,,,,,,,
latgolas_bolss,I:/zips/latgolas_bolss_articles.zip,31,7386,1955,1985,,,,,,,,,,,,,,,,,,,,,,,,,,,,,,,,,,,,,,,,,,,,,,,,,,,,,,,,,,,,,,,,,,,,,,,,,,,,,,,,,,,,,,,,,,,,,,,,,,,,,,,,,,,,,,,,,,,,,,,,,,,,,,,,,,,,,,339.0,311.0,304.0,291.0,255.0,308.0,344.0,321.0,266.0,296.0,317.0,300.0,285.0,258.0,311.0,265.0,279.0,243.0,244.0,206.0,256.0,234.0,206.0,232.0,130.0,124.0,112.0,101.0,108.0,136.0,4.0,,,,,,,,,,,,,,,,,,,,,,,,,,,,,,
latviesu_avizes,I:/zips/latviesu_avizes_articles.zip,94,66710,1822,1915,365.0,320.0,345.0,342.0,293.0,294.0,276.0,272.0,283.0,315.0,356.0,336.0,275.0,266.0,241.0,241.0,233.0,236.0,215.0,210.0,231.0,245.0,219.0,211.0,212.0,212.0,200.0,263.0,312.0,346.0,331.0,508.0,597.0,509.0,505.0,512.0,583.0,507.0,504.0,565.0,499.0,565.0,513.0,522.0,606.0,661.0,730.0,664.0,727.0,801.0,709.0,678.0,539.0,591.0,611.0,661.0,616.0,762.0,952.0,872.0,882.0,846.0,734.0,1108.0,1026.0,1044.0,981.0,1001.0,1066.0,1042.0,928.0,742.0,757.0,723.0,643.0,658.0,601.0,683.0,605.0,1253.0,1089.0,1029.0,999.0,955.0,871.0,724.0,948.0,1083.0,1006.0,1660.0,1573.0,3975.0,5137.0,1773.0,,,,,,,,,,,,,,,,,,,,,,,,,,,,,,,,,,,,,,,,,,,,,,,,,,,,,,,,,,,,,,,,,,,,,,,,,,,,,,,,,,,,,,,,,,,,,,,,,,,,
latvijas_jaunatne,I:/zips/latvijas_jaunatne_articles.zip,21,51127,1924,1993,,,,,,,,,,,,,,,,,,,,,,,,,,,,,,,,,,,,,,,,,,,,,,,,,,,,,,,,,,,,,,,,,,,,,,,,,,,,,,,,,,,,,,,,,,,,,,,,,,,,,,,105.0,177.0,174.0,294.0,457.0,383.0,370.0,411.0,384.0,383.0,356.0,366.0,353.0,430.0,580.0,469.0,266.0,,,,,,,,,,,,,,,,,,,,,,,,,,,,,,,,,,,,,,,,,,,,,,,,,,6615.0,6873.0,11166.0,20515.0,,,,,,,,,,,,,,,,,,,,,,
latvijas_kareivis,I:/zips/latvijas_kareivis_articles.zip,21,185816,1920,1940,,,,,,,,,,,,,,,,,,,,,,,,,,,,,,,,,,,,,,,,,,,,,,,,,,,,,,,,,,,,,,,,,,,,,,,,,,,,,,,,,,,,,,,,,,,,,,,,,,,6307.0,7276.0,8237.0,9574.0,9448.0,8786.0,8778.0,9186.0,9592.0,8722.0,9765.0,9630.0,7679.0,8215.0,7852.0,8978.0,8827.0,10160.0,10550.0,11596.0,6658.0,,,,,,,,,,,,,,,,,,,,,,,,,,,,,,,,,,,,,,,,,,,,,,,,,,,,,,,,,,,,,,,,,,,,,,,,,,,
latvijas_sargs,I:/zips/latvijas_sargs_articles.zip,16,84200,1919,1934,,,,,,,,,,,,,,,,,,,,,,,,,,,,,,,,,,,,,,,,,,,,,,,,,,,,,,,,,,,,,,,,,,,,,,,,,,,,,,,,,,,,,,,,,,,,,,,,,,4568.0,6830.0,7310.0,7528.0,9009.0,9485.0,8207.0,9946.0,6012.0,1907.0,1900.0,2546.0,2329.0,2112.0,2557.0,1954.0,,,,,,,,,,,,,,,,,,,,,,,,,,,,,,,,,,,,,,,,,,,,,,,,,,,,,,,,,,,,,,,,,,,,,,,,,,,,,,,,,
latvijas_vestnesis_lr_ofic_laikr,I:/zips/latvijas_vestnesis_lr_ofic_laikr_articles.zip,19,204601,1993,2011,,,,,,,,,,,,,,,,,,,,,,,,,,,,,,,,,,,,,,,,,,,,,,,,,,,,,,,,,,,,,,,,,,,,,,,,,,,,,,,,,,,,,,,,,,,,,,,,,,,,,,,,,,,,,,,,,,,,,,,,,,,,,,,,,,,,,,,,,,,,,,,,,,,,,,,,,,,,,,,,,,,,,,,,,,,,4600.0,5259.0,7812.0,9820.0,10514.0,11914.0,13382.0,13193.0,11664.0,12457.0,13643.0,15334.0,14510.0,11243.0,11069.0,11746.0,12775.0,11362.0,2304.0,,,,
latvija_amerika,I:/zips/latvija_amerika_articles.zip,61,211986,1951,2011,,,,,,,,,,,,,,,,,,,,,,,,,,,,,,,,,,,,,,,,,,,,,,,,,,,,,,,,,,,,,,,,,,,,,,,,,,,,,,,,,,,,,,,,,,,,,,,,,,,,,,,,,,,,,,,,,,,,,,,,,,,,,,,,,,1402.0,5997.0,5249.0,5211.0,5752.0,5654.0,5337.0,5248.0,5482.0,5706.0,4998.0,4339.0,4616.0,4397.0,3908.0,3752.0,3859.0,3445.0,3233.0,3207.0,3405.0,3359.0,2616.0,2392.0,2416.0,2695.0,2648.0,2611.0,2388.0,2334.0,2309.0,2169.0,2036.0,2108.0,2109.0,2230.0,2091.0,2148.0,2052.0,1877.0,1854.0,1915.0,2741.0,3140.0,3291.0,3199.0,3321.0,3370.0,3526.0,3823.0,3809.0,4059.0,4091.0,4241.0,4154.0,4414.0,4150.0,3629.0,3793.0,3618.0,3063.0,,,,
latvija,I:/zips/latvija_articles.zip,57,119273,1922,1986,,,,,,,,,,,,,,,,,,,,,,,,,,,,,,,,,,,,,,,,,,,,,,,,,,,,,,,,,,,,,,,,,,,,,,,,,,,,,,,,,,,,,,,,,,,,,,,,,,,,,1445.0,47.0,730.0,1125.0,666.0,787.0,811.0,798.0,2495.0,3040.0,3256.0,3543.0,1493.0,,,117.0,206.0,208.0,113.0,,,,,,301.0,3751.0,4790.0,6461.0,6475.0,4358.0,2729.0,,2385.0,2324.0,2475.0,2407.0,2276.0,2598.0,2657.0,2564.0,2415.0,2366.0,2459.0,2449.0,2409.0,2405.0,2377.0,2348.0,2254.0,1962.0,1739.0,1723.0,1627.0,1730.0,1962.0,1927.0,1745.0,1884.0,1870.0,1846.0,1752.0,1783.0,1809.0,1735.0,1266.0,,,,,,,,,,,,,,,,,,,,,,,,,,,,,
latvija_sodien,I:/zips/latvija_sodien_articles.zip,18,1028,1972,1991,,,,,,,,,,,,,,,,,,,,,,,,,,,,,,,,,,,,,,,,,,,,,,,,,,,,,,,,,,,,,,,,,,,,,,,,,,,,,,,,,,,,,,,,,,,,,,,,,,,,,,,,,,,,,,,,,,,,,,,,,,,,,,,,,,,,,,,,,,,,,,,,,,,,,,,12.0,19.0,,21.0,11.0,23.0,21.0,17.0,25.0,72.0,64.0,65.0,60.0,74.0,79.0,57.0,129.0,119.0,,160.0,,,,,,,,,,,,,,,,,,,,,,,,
latvis,I:/zips/latvis_articles.zip,14,164535,1921,1934,,,,,,,,,,,,,,,,,,,,,,,,,,,,,,,,,,,,,,,,,,,,,,,,,,,,,,,,,,,,,,,,,,,,,,,,,,,,,,,,,,,,,,,,,,,,,,,,,,,,3059.0,9455.0,9361.0,11131.0,13054.0,14060.0,13241.0,12511.0,13197.0,14825.0,13082.0,11648.0,13320.0,12591.0,,,,,,,,,,,,,,,,,,,,,,,,,,,,,,,,,,,,,,,,,,,,,,,,,,,,,,,,,,,,,,,,,,,,,,,,,,,,,,,,,
latvju_menesraksts,I:/zips/latvju_menesraksts_articles.zip,3,1074,1942,1944,,,,,,,,,,,,,,,,,,,,,,,,,,,,,,,,,,,,,,,,,,,,,,,,,,,,,,,,,,,,,,,,,,,,,,,,,,,,,,,,,,,,,,,,,,,,,,,,,,,,,,,,,,,,,,,,,,,,,,,,,390.0,433.0,251.0,,,,,,,,,,,,,,,,,,,,,,,,,,,,,,,,,,,,,,,,,,,,,,,,,,,,,,,,,,,,,,,,,,,,,,,
latvju_muuzika,I:/zips/latvju_muuzika_articles.zip,29,646,1968,2003,,,,,,,,,,,,,,,,,,,,,,,,,,,,,,,,,,,,,,,,,,,,,,,,,,,,,,,,,,,,,,,,,,,,,,,,,,,,,,,,,,,,,,,,,,,,,,,,,,,,,,,,,,,,,,,,,,,,,,,,,,,,,,,,,,,,,,,,,,,,,,,,,,,16.0,24.0,9.0,16.0,8.0,10.0,21.0,9.0,,32.0,23.0,,21.0,29.0,29.0,24.0,,30.0,19.0,23.0,22.0,,16.0,22.0,30.0,32.0,26.0,19.0,25.0,31.0,,23.0,27.0,,,30.0,,,,,,,,,,,,
latvju_muzika,I:/zips/latvju_muzika_articles.zip,2,210,1921,1922,,,,,,,,,,,,,,,,,,,,,,,,,,,,,,,,,,,,,,,,,,,,,,,,,,,,,,,,,,,,,,,,,,,,,,,,,,,,,,,,,,,,,,,,,,,,,,,,,,,,137.0,73.0,,,,,,,,,,,,,,,,,,,,,,,,,,,,,,,,,,,,,,,,,,,,,,,,,,,,,,,,,,,,,,,,,,,,,,,,,,,,,,,,,,,,,,,,,,,,,
lauku_avize,I:/zips/lauku_avize_articles.zip,9,41707,1988,1996,,,,,,,,,,,,,,,,,,,,,,,,,,,,,,,,,,,,,,,,,,,,,,,,,,,,,,,,,,,,,,,,,,,,,,,,,,,,,,,,,,,,,,,,,,,,,,,,,,,,,,,,,,,,,,,,,,,,,,,,,,,,,,,,,,,,,,,,,,,,,,,,,,,,,,,,,,,,,,,,,,,,,,,2127.0,2291.0,2352.0,1823.0,2234.0,5579.0,8947.0,8148.0,8206.0,,,,,,,,,,,,,,,,,,,
lenina_cels_liepajas_raj,I:/zips/lenina_cels_liepajas_raj_articles.zip,28,66394,1962,1989,,,,,,,,,,,,,,,,,,,,,,,,,,,,,,,,,,,,,,,,,,,,,,,,,,,,,,,,,,,,,,,,,,,,,,,,,,,,,,,,,,,,,,,,,,,,,,,,,,,,,,,,,,,,,,,,,,,,,,,,,,,,,,,,,,,,,,,,,,,,,2361.0,3439.0,3484.0,3213.0,2832.0,2815.0,2661.0,2628.0,2603.0,2574.0,2445.0,2319.0,2255.0,2108.0,2148.0,2150.0,2258.0,2179.0,2077.0,2113.0,2091.0,2135.0,2082.0,2113.0,2044.0,2027.0,1651.0,1589.0,,,,,,,,,,,,,,,,,,,,,,,,,,
lenina_karogs_preili,I:/zips/lenina_karogs_preili_articles.zip,41,105989,1950,1990,,,,,,,,,,,,,,,,,,,,,,,,,,,,,,,,,,,,,,,,,,,,,,,,,,,,,,,,,,,,,,,,,,,,,,,,,,,,,,,,,,,,,,,,,,,,,,,,,,,,,,,,,,,,,,,,,,,,,,,,,,,,,,,,,1228.0,1560.0,1595.0,1616.0,1649.0,1541.0,2161.0,2336.0,2719.0,2668.0,2782.0,2641.0,1078.0,3029.0,3449.0,3258.0,3183.0,3265.0,3417.0,2987.0,3022.0,2981.0,3292.0,3224.0,3157.0,3046.0,2954.0,3309.0,2976.0,3138.0,3211.0,3187.0,2921.0,2736.0,2463.0,2569.0,2635.0,2262.0,1970.0,2247.0,527.0,,,,,,,,,,,,,,,,,,,,,,,,,
liesma,I:/zips/liesma_articles.zip,34,19908,1958,1991,,,,,,,,,,,,,,,,,,,,,,,,,,,,,,,,,,,,,,,,,,,,,,,,,,,,,,,,,,,,,,,,,,,,,,,,,,,,,,,,,,,,,,,,,,,,,,,,,,,,,,,,,,,,,,,,,,,,,,,,,,,,,,,,,,,,,,,,,376.0,543.0,526.0,576.0,478.0,496.0,591.0,668.0,515.0,463.0,455.0,503.0,504.0,669.0,638.0,564.0,682.0,709.0,818.0,692.0,624.0,773.0,653.0,761.0,829.0,688.0,621.0,617.0,587.0,572.0,538.0,490.0,440.0,249.0,,,,,,,,,,,,,,,,,,,,,,,,
liesma_valmiera,I:/zips/liesma_valmiera_articles.zip,49,150948,1940,1990,,,,,,,,,,,,,,,,,,,,,,,,,,,,,,,,,,,,,,,,,,,,,,,,,,,,,,,,,,,,,,,,,,,,,,,,,,,,,,,,,,,,,,,,,,,,,,,,,,,,,,,,,,,,,,,,,,,,,,,2343.0,3380.0,,,187.0,1808.0,1949.0,2056.0,2286.0,2109.0,2106.0,1963.0,2924.0,3030.0,2928.0,2976.0,2504.0,2447.0,2513.0,2846.0,3297.0,3476.0,3578.0,3487.0,4707.0,4417.0,4244.0,3739.0,3723.0,3650.0,3721.0,3617.0,3678.0,3296.0,3362.0,3320.0,3158.0,3225.0,3417.0,3188.0,3072.0,3050.0,3058.0,3279.0,3498.0,3800.0,3692.0,3388.0,3376.0,3042.0,3038.0,,,,,,,,,,,,,,,,,,,,,,,,,
literatura_maksla_mes,I:/zips/literatura_maksla_mes_articles.zip,4,5540,1996,1999,,,,,,,,,,,,,,,,,,,,,,,,,,,,,,,,,,,,,,,,,,,,,,,,,,,,,,,,,,,,,,,,,,,,,,,,,,,,,,,,,,,,,,,,,,,,,,,,,,,,,,,,,,,,,,,,,,,,,,,,,,,,,,,,,,,,,,,,,,,,,,,,,,,,,,,,,,,,,,,,,,,,,,,,,,,,,,,2032.0,1774.0,1672.0,62.0,,,,,,,,,,,,,,,,
literatura_un_maksla,I:/zips/literatura_un_maksla_articles.zip,50,77636,1945,1994,,,,,,,,,,,,,,,,,,,,,,,,,,,,,,,,,,,,,,,,,,,,,,,,,,,,,,,,,,,,,,,,,,,,,,,,,,,,,,,,,,,,,,,,,,,,,,,,,,,,,,,,,,,,,,,,,,,,,,,,,,,,798.0,1188.0,1082.0,1167.0,1087.0,1062.0,1112.0,1111.0,1253.0,1135.0,1319.0,1368.0,1346.0,1584.0,1688.0,1688.0,1778.0,1809.0,1989.0,2328.0,2025.0,2132.0,2537.0,2564.0,2624.0,2567.0,1920.0,1850.0,1878.0,1501.0,1602.0,1416.0,1451.0,1726.0,1485.0,1457.0,1434.0,1454.0,1436.0,1349.0,1293.0,1110.0,1317.0,1667.0,1707.0,1666.0,1090.0,1191.0,1319.0,976.0,,,,,,,,,,,,,,,,,,,,,
londonas_avize,I:/zips/londonas_avize_articles.zip,44,64223,1942,1986,,,,,,,,,,,,,,,,,,,,,,,,,,,,,,,,,,,,,,,,,,,,,,,,,,,,,,,,,,,,,,,,,,,,,,,,,,,,,,,,,,,,,,,,,,,,,,,,,,,,,,,,,,,,,,,,,,,,,,,,,16.0,108.0,96.0,104.0,282.0,552.0,1399.0,1520.0,549.0,,2274.0,2072.0,2154.0,1929.0,1916.0,1863.0,1839.0,2169.0,2464.0,2329.0,1835.0,1834.0,1983.0,2077.0,1944.0,1855.0,1740.0,1751.0,1718.0,1554.0,1552.0,1581.0,1490.0,1506.0,1612.0,1607.0,1481.0,1291.0,1192.0,1297.0,1250.0,1196.0,1231.0,1128.0,883.0,,,,,,,,,,,,,,,,,,,,,,,,,,,,,
maksla,I:/zips/maksla_articles.zip,38,4738,1959,1996,,,,,,,,,,,,,,,,,,,,,,,,,,,,,,,,,,,,,,,,,,,,,,,,,,,,,,,,,,,,,,,,,,,,,,,,,,,,,,,,,,,,,,,,,,,,,,,,,,,,,,,,,,,,,,,,,,,,,,,,,,,,,,,,,,,,,,,,,,73.0,69.0,118.0,188.0,213.0,173.0,170.0,143.0,90.0,92.0,101.0,84.0,92.0,82.0,78.0,82.0,76.0,140.0,131.0,79.0,80.0,81.0,86.0,76.0,74.0,75.0,76.0,87.0,192.0,205.0,204.0,293.0,139.0,192.0,231.0,184.0,92.0,97.0,,,,,,,,,,,,,,,,,,,
mazputnins,I:/zips/mazputnins_articles.zip,14,3359,1980,1994,,,,,,,,,,,,,,,,,,,,,,,,,,,,,,,,,,,,,,,,,,,,,,,,,,,,,,,,,,,,,,,,,,,,,,,,,,,,,,,,,,,,,,,,,,,,,,,,,,,,,,,,,,,,,,,,,,,,,,,,,,,,,,,,,,,,,,,,,,,,,,,,,,,,,,,,,,,,,,,257.0,209.0,263.0,273.0,253.0,217.0,178.0,,225.0,247.0,236.0,199.0,241.0,275.0,286.0,,,,,,,,,,,,,,,,,,,,,
musu_laikmets_unser_zeitalter,I:/zips/musu_laikmets_unser_zeitalter_articles.zip,10,827,1968,1977,,,,,,,,,,,,,,,,,,,,,,,,,,,,,,,,,,,,,,,,,,,,,,,,,,,,,,,,,,,,,,,,,,,,,,,,,,,,,,,,,,,,,,,,,,,,,,,,,,,,,,,,,,,,,,,,,,,,,,,,,,,,,,,,,,,,,,,,,,,,,,,,,,,51.0,90.0,103.0,103.0,107.0,125.0,76.0,70.0,73.0,29.0,,,,,,,,,,,,,,,,,,,,,,,,,,,,,,,,,,,,,,
muzikas_apskats,I:/zips/muzikas_apskats_articles.zip,8,1274,1932,1939,,,,,,,,,,,,,,,,,,,,,,,,,,,,,,,,,,,,,,,,,,,,,,,,,,,,,,,,,,,,,,,,,,,,,,,,,,,,,,,,,,,,,,,,,,,,,,,,,,,,,,,,,,,,,,,42.0,234.0,227.0,236.0,224.0,116.0,161.0,34.0,,,,,,,,,,,,,,,,,,,,,,,,,,,,,,,,,,,,,,,,,,,,,,,,,,,,,,,,,,,,,,,,,,,,,,,,,,,,
muzikas_nedela,I:/zips/muzikas_nedela_articles.zip,7,1300,1923,1929,,,,,,,,,,,,,,,,,,,,,,,,,,,,,,,,,,,,,,,,,,,,,,,,,,,,,,,,,,,,,,,,,,,,,,,,,,,,,,,,,,,,,,,,,,,,,,,,,,,,,,141.0,482.0,243.0,200.0,135.0,67.0,32.0,,,,,,,,,,,,,,,,,,,,,,,,,,,,,,,,,,,,,,,,,,,,,,,,,,,,,,,,,,,,,,,,,,,,,,,,,,,,,,,,,,,,,,
neatkariga_cina,I:/zips/neatkariga_cina_articles.zip,5,49918,1991,1995,,,,,,,,,,,,,,,,,,,,,,,,,,,,,,,,,,,,,,,,,,,,,,,,,,,,,,,,,,,,,,,,,,,,,,,,,,,,,,,,,,,,,,,,,,,,,,,,,,,,,,,,,,,,,,,,,,,,,,,,,,,,,,,,,,,,,,,,,,,,,,,,,,,,,,,,,,,,,,,,,,,,,,,,,,6172.0,7411.0,10520.0,16257.0,9558.0,,,,,,,,,,,,,,,,,,,,
neatkariga_rita_avize,I:/zips/neatkariga_rita_avize_articles.zip,3,57990,1995,1997,,,,,,,,,,,,,,,,,,,,,,,,,,,,,,,,,,,,,,,,,,,,,,,,,,,,,,,,,,,,,,,,,,,,,,,,,,,,,,,,,,,,,,,,,,,,,,,,,,,,,,,,,,,,,,,,,,,,,,,,,,,,,,,,,,,,,,,,,,,,,,,,,,,,,,,,,,,,,,,,,,,,,,,,,,,,,,9236.0,22348.0,26406.0,,,,,,,,,,,,,,,,,,
oktobra_karogs_aluksne,I:/zips/oktobra_karogs_aluksne_articles.zip,23,54676,1967,1989,,,,,,,,,,,,,,,,,,,,,,,,,,,,,,,,,,,,,,,,,,,,,,,,,,,,,,,,,,,,,,,,,,,,,,,,,,,,,,,,,,,,,,,,,,,,,,,,,,,,,,,,,,,,,,,,,,,,,,,,,,,,,,,,,,,,,,,,,,,,,,,,,,2121.0,2848.0,2811.0,2624.0,2640.0,2534.0,2502.0,2548.0,2667.0,2685.0,2510.0,2537.0,2460.0,2189.0,2347.0,2402.0,2375.0,2350.0,2252.0,2163.0,2128.0,2037.0,946.0,,,,,,,,,,,,,,,,,,,,,,,,,,
padomju_cels_ogre,I:/zips/padomju_cels_ogre_articles.zip,43,97117,1947,1989,,,,,,,,,,,,,,,,,,,,,,,,,,,,,,,,,,,,,,,,,,,,,,,,,,,,,,,,,,,,,,,,,,,,,,,,,,,,,,,,,,,,,,,,,,,,,,,,,,,,,,,,,,,,,,,,,,,,,,,,,,,,,,48.0,1558.0,1581.0,1510.0,1431.0,1751.0,1499.0,1560.0,1520.0,1469.0,2452.0,2577.0,2713.0,2848.0,2784.0,2355.0,2544.0,2558.0,2704.0,2868.0,2911.0,2820.0,2645.0,2680.0,2627.0,2581.0,2646.0,2662.0,2460.0,2654.0,2676.0,2638.0,2522.0,2472.0,2509.0,2566.0,2599.0,2388.0,2400.0,2295.0,2155.0,2140.0,741.0,,,,,,,,,,,,,,,,,,,,,,,,,,
padomju_daugava_jekabpils,I:/zips/padomju_daugava_jekabpils_articles.zip,29,81533,1962,1990,,,,,,,,,,,,,,,,,,,,,,,,,,,,,,,,,,,,,,,,,,,,,,,,,,,,,,,,,,,,,,,,,,,,,,,,,,,,,,,,,,,,,,,,,,,,,,,,,,,,,,,,,,,,,,,,,,,,,,,,,,,,,,,,,,,,,,,,,,,,,1745.0,2708.0,3073.0,3036.0,3077.0,2995.0,3111.0,3005.0,3010.0,3159.0,3070.0,3024.0,3026.0,3070.0,2958.0,3208.0,3063.0,3021.0,2971.0,3065.0,2901.0,2808.0,2719.0,2788.0,2862.0,2548.0,2465.0,2116.0,931.0,,,,,,,,,,,,,,,,,,,,,,,,,
padomju_druva_cesis,I:/zips/padomju_druva_cesis_articles.zip,29,82110,1962,1990,,,,,,,,,,,,,,,,,,,,,,,,,,,,,,,,,,,,,,,,,,,,,,,,,,,,,,,,,,,,,,,,,,,,,,,,,,,,,,,,,,,,,,,,,,,,,,,,,,,,,,,,,,,,,,,,,,,,,,,,,,,,,,,,,,,,,,,,,,,,,2002.0,3293.0,3392.0,3073.0,3318.0,3154.0,3035.0,2858.0,2813.0,2708.0,2749.0,2815.0,2713.0,3008.0,3163.0,3080.0,3062.0,2869.0,2948.0,2920.0,2829.0,2947.0,2743.0,2930.0,2923.0,2876.0,2783.0,2602.0,504.0,,,,,,,,,,,,,,,,,,,,,,,,,
padomju_dzimtene_kuldiga,I:/zips/padomju_dzimtene_kuldiga_articles.zip,28,83186,1962,1989,,,,,,,,,,,,,,,,,,,,,,,,,,,,,,,,,,,,,,,,,,,,,,,,,,,,,,,,,,,,,,,,,,,,,,,,,,,,,,,,,,,,,,,,,,,,,,,,,,,,,,,,,,,,,,,,,,,,,,,,,,,,,,,,,,,,,,,,,,,,,2204.0,3586.0,3803.0,3687.0,3674.0,3457.0,3348.0,3440.0,3395.0,3466.0,3435.0,3305.0,3466.0,3371.0,3141.0,3152.0,2970.0,2993.0,2942.0,2965.0,1420.0,2752.0,2499.0,2480.0,2574.0,2431.0,2338.0,892.0,,,,,,,,,,,,,,,,,,,,,,,,,,
padomju_jaunatne,I:/zips/padomju_jaunatne_articles.zip,46,349946,1944,1989,,,,,,,,,,,,,,,,,,,,,,,,,,,,,,,,,,,,,,,,,,,,,,,,,,,,,,,,,,,,,,,,,,,,,,,,,,,,,,,,,,,,,,,,,,,,,,,,,,,,,,,,,,,,,,,,,,,,,,,,,,,735.0,3906.0,6968.0,7990.0,8463.0,7681.0,7983.0,7706.0,7522.0,8864.0,9564.0,10391.0,10329.0,10733.0,10866.0,9369.0,8831.0,9461.0,9438.0,9882.0,10893.0,8990.0,10125.0,9867.0,8820.0,8158.0,8504.0,7610.0,8018.0,7619.0,6720.0,7382.0,6873.0,6102.0,5271.0,6171.0,5935.0,5976.0,5657.0,5560.0,5489.0,5418.0,5265.0,5092.0,5706.0,6043.0,,,,,,,,,,,,,,,,,,,,,,,,,,
padomju_karogs_talsi,I:/zips/padomju_karogs_talsi_articles.zip,45,110091,1945,1989,,,,,,,,,,,,,,,,,,,,,,,,,,,,,,,,,,,,,,,,,,,,,,,,,,,,,,,,,,,,,,,,,,,,,,,,,,,,,,,,,,,,,,,,,,,,,,,,,,,,,,,,,,,,,,,,,,,,,,,,,,,,1112.0,1867.0,1810.0,1724.0,1636.0,1772.0,1543.0,2665.0,3334.0,3489.0,3106.0,2604.0,2649.0,2730.0,2767.0,2839.0,2747.0,2459.0,2813.0,2857.0,2825.0,2686.0,2867.0,2358.0,2276.0,2407.0,2380.0,2611.0,2580.0,2552.0,2345.0,2486.0,1138.0,2426.0,2813.0,3011.0,2768.0,2831.0,2662.0,2751.0,2766.0,2515.0,2362.0,2302.0,850.0,,,,,,,,,,,,,,,,,,,,,,,,,,
padomju_latvija,I:/zips/padomju_latvija_articles.zip,3,19607,1940,1945,,,,,,,,,,,,,,,,,,,,,,,,,,,,,,,,,,,,,,,,,,,,,,,,,,,,,,,,,,,,,,,,,,,,,,,,,,,,,,,,,,,,,,,,,,,,,,,,,,,,,,,,,,,,,,,,,,,,,,,12137.0,7461.0,,,,9.0,,,,,,,,,,,,,,,,,,,,,,,,,,,,,,,,,,,,,,,,,,,,,,,,,,,,,,,,,,,,,,,,,,,,,,
padomju_students,I:/zips/padomju_students_articles.zip,39,24758,1946,1985,,,,,,,,,,,,,,,,,,,,,,,,,,,,,,,,,,,,,,,,,,,,,,,,,,,,,,,,,,,,,,,,,,,,,,,,,,,,,,,,,,,,,,,,,,,,,,,,,,,,,,,,,,,,,,,,,,,,,,,,,,,,,536.0,428.0,1006.0,352.0,775.0,576.0,553.0,502.0,514.0,534.0,406.0,590.0,764.0,,869.0,799.0,792.0,764.0,818.0,754.0,688.0,660.0,653.0,645.0,676.0,689.0,661.0,657.0,683.0,679.0,706.0,644.0,663.0,609.0,492.0,557.0,465.0,572.0,537.0,490.0,,,,,,,,,,,,,,,,,,,,,,,,,,,,,,
padomju_venta_ventspils,I:/zips/padomju_venta_ventspils_articles.zip,28,93888,1962,1989,,,,,,,,,,,,,,,,,,,,,,,,,,,,,,,,,,,,,,,,,,,,,,,,,,,,,,,,,,,,,,,,,,,,,,,,,,,,,,,,,,,,,,,,,,,,,,,,,,,,,,,,,,,,,,,,,,,,,,,,,,,,,,,,,,,,,,,,,,,,,2192.0,3390.0,3410.0,3281.0,3141.0,3977.0,3904.0,3494.0,3660.0,3638.0,3474.0,3788.0,3934.0,3764.0,3333.0,3477.0,3317.0,3292.0,3229.0,3320.0,3077.0,3418.0,3416.0,3497.0,3392.0,3097.0,2969.0,2007.0,,,,,,,,,,,,,,,,,,,,,,,,,,
padomju_zeme_saldus,I:/zips/padomju_zeme_saldus_articles.zip,27,80599,1963,1989,,,,,,,,,,,,,,,,,,,,,,,,,,,,,,,,,,,,,,,,,,,,,,,,,,,,,,,,,,,,,,,,,,,,,,,,,,,,,,,,,,,,,,,,,,,,,,,,,,,,,,,,,,,,,,,,,,,,,,,,,,,,,,,,,,,,,,,,,,,,,,2721.0,3073.0,3234.0,3259.0,3752.0,3596.0,3478.0,3481.0,3194.0,3439.0,3371.0,3281.0,3061.0,3195.0,3090.0,3162.0,3176.0,3115.0,3081.0,2880.0,2857.0,2748.0,2697.0,2669.0,2482.0,2291.0,216.0,,,,,,,,,,,,,,,,,,,,,,,,,,
pavalstnieks,I:/zips/pavalstnieks_articles.zip,5,3988,1992,1996,,,,,,,,,,,,,,,,,,,,,,,,,,,,,,,,,,,,,,,,,,,,,,,,,,,,,,,,,,,,,,,,,,,,,,,,,,,,,,,,,,,,,,,,,,,,,,,,,,,,,,,,,,,,,,,,,,,,,,,,,,,,,,,,,,,,,,,,,,,,,,,,,,,,,,,,,,,,,,,,,,,,,,,,,,,194.0,1151.0,1233.0,910.0,500.0,,,,,,,,,,,,,,,,,,,
pedeja_bridi,I:/zips/pedeja_bridi_articles.zip,10,131032,1927,1936,,,,,,,,,,,,,,,,,,,,,,,,,,,,,,,,,,,,,,,,,,,,,,,,,,,,,,,,,,,,,,,,,,,,,,,,,,,,,,,,,,,,,,,,,,,,,,,,,,,,,,,,,,12239.0,13487.0,11649.0,14501.0,14760.0,14990.0,15461.0,15584.0,13588.0,4773.0,,,,,,,,,,,,,,,,,,,,,,,,,,,,,,,,,,,,,,,,,,,,,,,,,,,,,,,,,,,,,,,,,,,,,,,,,,,,,,,
peterburgas_avizes,I:/zips/peterburgas_avizes_articles.zip,8,4348,1862,1905,,,,,,,,,,,,,,,,,,,,,,,,,,,,,,,,,,,,,,,,,287.0,372.0,343.0,136.0,,,,,,,,,,,,,,,,,,,,,,,,,,,,,,,,,,,,74.0,1370.0,1053.0,,713.0,,,,,,,,,,,,,,,,,,,,,,,,,,,,,,,,,,,,,,,,,,,,,,,,,,,,,,,,,,,,,,,,,,,,,,,,,,,,,,,,,,,,,,,,,,,,,,,,,,,,,,,,,,,,,,
pionieris,I:/zips/pionieris_articles.zip,47,59286,1940,1990,,,,,,,,,,,,,,,,,,,,,,,,,,,,,,,,,,,,,,,,,,,,,,,,,,,,,,,,,,,,,,,,,,,,,,,,,,,,,,,,,,,,,,,,,,,,,,,,,,,,,,,,,,,,,,,,,,,,,,,93.0,166.0,,,,,629.0,998.0,1003.0,1053.0,1267.0,1114.0,1013.0,958.0,1028.0,994.0,921.0,868.0,942.0,868.0,1231.0,1722.0,1592.0,1683.0,1882.0,1583.0,1454.0,1481.0,1464.0,1447.0,1457.0,1542.0,1595.0,1489.0,1631.0,1543.0,1491.0,1430.0,1324.0,1356.0,1390.0,1567.0,1456.0,1473.0,1470.0,1494.0,1405.0,1400.0,1372.0,1239.0,708.0,,,,,,,,,,,,,,,,,,,,,,,,,
progress_limbazi,I:/zips/progress_limbazi_articles.zip,24,62886,1967,1990,,,,,,,,,,,,,,,,,,,,,,,,,,,,,,,,,,,,,,,,,,,,,,,,,,,,,,,,,,,,,,,,,,,,,,,,,,,,,,,,,,,,,,,,,,,,,,,,,,,,,,,,,,,,,,,,,,,,,,,,,,,,,,,,,,,,,,,,,,,,,,,,,,2269.0,2766.0,2867.0,2854.0,3029.0,3218.0,2933.0,2787.0,2671.0,2682.0,2605.0,2717.0,2564.0,2564.0,2548.0,2568.0,2580.0,2418.0,2507.0,2568.0,2231.0,2282.0,2270.0,2388.0,,,,,,,,,,,,,,,,,,,,,,,,,
raksti_un_maksla,I:/zips/raksti_un_maksla_articles.zip,1,220,1940,1940,,,,,,,,,,,,,,,,,,,,,,,,,,,,,,,,,,,,,,,,,,,,,,,,,,,,,,,,,,,,,,,,,,,,,,,,,,,,,,,,,,,,,,,,,,,,,,,,,,,,,,,,,,,,,,,,,,,,,,,220.0,,,,,,,,,,,,,,,,,,,,,,,,,,,,,,,,,,,,,,,,,,,,,,,,,,,,,,,,,,,,,,,,,,,,,,,,,,,
rigas_balss,I:/zips/rigas_balss_articles.zip,34,400871,1957,1990,,,,,,,,,,,,,,,,,,,,,,,,,,,,,,,,,,,,,,,,,,,,,,,,,,,,,,,,,,,,,,,,,,,,,,,,,,,,,,,,,,,,,,,,,,,,,,,,,,,,,,,,,,,,,,,,,,,,,,,,,,,,,,,,,,,,,,,,3971.0,17487.0,17190.0,14746.0,14699.0,14223.0,13942.0,14381.0,14812.0,14954.0,14691.0,15439.0,13569.0,13537.0,12670.0,12907.0,10439.0,10514.0,9723.0,10227.0,6265.0,8289.0,10265.0,10954.0,11423.0,10955.0,11094.0,11003.0,10639.0,11168.0,10530.0,8801.0,8666.0,6698.0,,,,,,,,,,,,,,,,,,,,,,,,,
rits,I:/zips/rits_articles.zip,9,137921,1907,1940,,,,,,,,,,,,,,,,,,,,,,,,,,,,,,,,,,,,,,,,,,,,,,,,,,,,,,,,,,,,,,,,,,,,,,,,,,,,,,,,,,,,,,234.0,,,,,,,36.0,,,,,,,,,,,,,,,,,,,,5980.0,19714.0,22318.0,23971.0,17666.0,38320.0,9682.0,,,,,,,,,,,,,,,,,,,,,,,,,,,,,,,,,,,,,,,,,,,,,,,,,,,,,,,,,,,,,,,,,,,,,,,,,,,
sejejs,I:/zips/sejejs_articles.zip,5,1879,1936,1940,,,,,,,,,,,,,,,,,,,,,,,,,,,,,,,,,,,,,,,,,,,,,,,,,,,,,,,,,,,,,,,,,,,,,,,,,,,,,,,,,,,,,,,,,,,,,,,,,,,,,,,,,,,,,,,,,,,375.0,372.0,417.0,422.0,293.0,,,,,,,,,,,,,,,,,,,,,,,,,,,,,,,,,,,,,,,,,,,,,,,,,,,,,,,,,,,,,,,,,,,,,,,,,,,
senatne_un_maksla,I:/zips/senatne_un_maksla_articles.zip,5,317,1936,1940,,,,,,,,,,,,,,,,,,,,,,,,,,,,,,,,,,,,,,,,,,,,,,,,,,,,,,,,,,,,,,,,,,,,,,,,,,,,,,,,,,,,,,,,,,,,,,,,,,,,,,,,,,,,,,,,,,,83.0,80.0,71.0,59.0,24.0,,,,,,,,,,,,,,,,,,,,,,,,,,,,,,,,,,,,,,,,,,,,,,,,,,,,,,,,,,,,,,,,,,,,,,,,,,,
skolotaju_avize,I:/zips/skolotaju_avize_articles.zip,42,58587,1948,1989,,,,,,,,,,,,,,,,,,,,,,,,,,,,,,,,,,,,,,,,,,,,,,,,,,,,,,,,,,,,,,,,,,,,,,,,,,,,,,,,,,,,,,,,,,,,,,,,,,,,,,,,,,,,,,,,,,,,,,,,,,,,,,,1436.0,1388.0,1267.0,1134.0,1458.0,1355.0,1287.0,1436.0,1450.0,1470.0,1615.0,1536.0,1393.0,1314.0,1363.0,1339.0,1603.0,1546.0,1526.0,1578.0,1612.0,1666.0,1481.0,1421.0,1404.0,1509.0,1577.0,1514.0,1465.0,1302.0,1245.0,1181.0,1083.0,1049.0,1034.0,1077.0,933.0,1048.0,1416.0,1740.0,1606.0,1730.0,,,,,,,,,,,,,,,,,,,,,,,,,,
snipis,I:/zips/snipis_articles.zip,7,381,1968,1974,,,,,,,,,,,,,,,,,,,,,,,,,,,,,,,,,,,,,,,,,,,,,,,,,,,,,,,,,,,,,,,,,,,,,,,,,,,,,,,,,,,,,,,,,,,,,,,,,,,,,,,,,,,,,,,,,,,,,,,,,,,,,,,,,,,,,,,,,,,,,,,,,,,125.0,65.0,62.0,35.0,7.0,61.0,26.0,,,,,,,,,,,,,,,,,,,,,,,,,,,,,,,,,,,,,,,,,
socialdemokrats,I:/zips/socialdemokrats_articles.zip,17,158962,1918,1934,,,,,,,,,,,,,,,,,,,,,,,,,,,,,,,,,,,,,,,,,,,,,,,,,,,,,,,,,,,,,,,,,,,,,,,,,,,,,,,,,,,,,,,,,,,,,,,,,168.0,1887.0,6155.0,6145.0,7470.0,7535.0,8354.0,8275.0,11108.0,14833.0,12751.0,13530.0,15187.0,14149.0,12937.0,12706.0,5772.0,,,,,,,,,,,,,,,,,,,,,,,,,,,,,,,,,,,,,,,,,,,,,,,,,,,,,,,,,,,,,,,,,,,,,,,,,,,,,,,,,
sports_latvijas_psr_sporta_biedribu_izdevums,I:/zips/sports_latvijas_psr_sporta_biedribu_izdevums_articles.zip,47,262692,1955,2001,,,,,,,,,,,,,,,,,,,,,,,,,,,,,,,,,,,,,,,,,,,,,,,,,,,,,,,,,,,,,,,,,,,,,,,,,,,,,,,,,,,,,,,,,,,,,,,,,,,,,,,,,,,,,,,,,,,,,,,,,,,,,,,,,,,,,,705.0,2577.0,2810.0,3682.0,4089.0,4232.0,4334.0,4285.0,4155.0,4024.0,4254.0,4172.0,4215.0,4254.0,3913.0,4030.0,4445.0,4849.0,4592.0,4415.0,4525.0,4761.0,4336.0,4112.0,4112.0,4252.0,4143.0,4527.0,4568.0,4591.0,4649.0,4808.0,4885.0,4934.0,4721.0,4476.0,3641.0,5036.0,7148.0,10555.0,10464.0,10271.0,11574.0,12927.0,13279.0,14358.0,13007.0,,,,,,,,,,,,,,
stars_madona,I:/zips/stars_madona_articles.zip,38,95245,1953,1990,,,,,,,,,,,,,,,,,,,,,,,,,,,,,,,,,,,,,,,,,,,,,,,,,,,,,,,,,,,,,,,,,,,,,,,,,,,,,,,,,,,,,,,,,,,,,,,,,,,,,,,,,,,,,,,,,,,,,,,,,,,,,,,,,,,,288.0,1184.0,1154.0,2019.0,2380.0,2404.0,2603.0,2764.0,2511.0,2669.0,2757.0,3234.0,3288.0,3232.0,2928.0,2990.0,2826.0,2884.0,2925.0,2857.0,2965.0,2835.0,2759.0,2669.0,2572.0,2724.0,2545.0,2743.0,2751.0,2555.0,2593.0,2601.0,2430.0,2478.0,2179.0,2166.0,1928.0,1855.0,,,,,,,,,,,,,,,,,,,,,,,,,
talsu_aprinka_vestnesis,I:/zips/talsu_aprinka_vestnesis_articles.zip,4,2479,1920,1923,,,,,,,,,,,,,,,,,,,,,,,,,,,,,,,,,,,,,,,,,,,,,,,,,,,,,,,,,,,,,,,,,,,,,,,,,,,,,,,,,,,,,,,,,,,,,,,,,,,554.0,789.0,495.0,641.0,,,,,,,,,,,,,,,,,,,,,,,,,,,,,,,,,,,,,,,,,,,,,,,,,,,,,,,,,,,,,,,,,,,,,,,,,,,,,,,,,,,,,,,,,,,,
tauretajs,I:/zips/tauretajs_articles.zip,4,310,1916,1920,,,,,,,,,,,,,,,,,,,,,,,,,,,,,,,,,,,,,,,,,,,,,,,,,,,,,,,,,,,,,,,,,,,,,,,,,,,,,,,,,,,,,,,,,,,,,,,146.0,69.0,44.0,,51.0,,,,,,,,,,,,,,,,,,,,,,,,,,,,,,,,,,,,,,,,,,,,,,,,,,,,,,,,,,,,,,,,,,,,,,,,,,,,,,,,,,,,,,,,,,,,,,,
teatra_vestnesis,I:/zips/teatra_vestnesis_articles.zip,18,1321,1920,1937,,,,,,,,,,,,,,,,,,,,,,,,,,,,,,,,,,,,,,,,,,,,,,,,,,,,,,,,,,,,,,,,,,,,,,,,,,,,,,,,,,,,,,,,,,,,,,,,,,,9.0,57.0,135.0,122.0,100.0,98.0,58.0,78.0,58.0,66.0,89.0,89.0,86.0,65.0,34.0,53.0,65.0,59.0,,,,,,,,,,,,,,,,,,,,,,,,,,,,,,,,,,,,,,,,,,,,,,,,,,,,,,,,,,,,,,,,,,,,,,,,,,,,,,
tevija_jd,I:/zips/tevija_jd_articles.zip,5,63922,1941,1945,,,,,,,,,,,,,,,,,,,,,,,,,,,,,,,,,,,,,,,,,,,,,,,,,,,,,,,,,,,,,,,,,,,,,,,,,,,,,,,,,,,,,,,,,,,,,,,,,,,,,,,,,,,,,,,,,,,,,,,,11260.0,22900.0,13750.0,14036.0,1976.0,,,,,,,,,,,,,,,,,,,,,,,,,,,,,,,,,,,,,,,,,,,,,,,,,,,,,,,,,,,,,,,,,,,,,,
tevija_vd,I:/zips/tevija_vd_articles.zip,10,7564,1895,1944,,,,,,,,,,,,,,,,,,,,,,,,,,,,,,,,,,,,,,,,,,,,,,,,,,,,,,,,,,,,,,,,,,,,,,,,,,626.0,703.0,739.0,,,,,610.0,,,,,,,,,1315.0,1391.0,1418.0,735.0,,,,,,,,,,,,14.0,,,,,,,,,,,,,,,,,,13.0,,,,,,,,,,,,,,,,,,,,,,,,,,,,,,,,,,,,,,,,,,,,,,,,,,,,,,,,,,,,,,,,,,,,,,,
tilts,I:/zips/tilts_articles.zip,28,3343,1949,1976,,,,,,,,,,,,,,,,,,,,,,,,,,,,,,,,,,,,,,,,,,,,,,,,,,,,,,,,,,,,,,,,,,,,,,,,,,,,,,,,,,,,,,,,,,,,,,,,,,,,,,,,,,,,,,,,,,,,,,,,,,,,,,,,27.0,98.0,76.0,58.0,75.0,48.0,27.0,60.0,141.0,119.0,171.0,40.0,94.0,154.0,161.0,302.0,180.0,105.0,172.0,225.0,95.0,238.0,145.0,189.0,141.0,90.0,54.0,58.0,,,,,,,,,,,,,,,,,,,,,,,,,,,,,,,,,,,,,,,
treji_varti,I:/zips/treji_varti_articles.zip,44,8130,1967,2010,,,,,,,,,,,,,,,,,,,,,,,,,,,,,,,,,,,,,,,,,,,,,,,,,,,,,,,,,,,,,,,,,,,,,,,,,,,,,,,,,,,,,,,,,,,,,,,,,,,,,,,,,,,,,,,,,,,,,,,,,,,,,,,,,,,,,,,,,,,,,,,,,,120.0,172.0,148.0,120.0,146.0,174.0,56.0,156.0,102.0,211.0,181.0,240.0,289.0,266.0,273.0,284.0,275.0,268.0,242.0,218.0,229.0,247.0,184.0,204.0,196.0,217.0,201.0,243.0,190.0,207.0,212.0,204.0,209.0,159.0,152.0,132.0,121.0,127.0,159.0,128.0,128.0,165.0,95.0,80.0,,,,,
universitas,I:/zips/universitas_articles.zip,63,9636,1930,2007,,,,,,,,,,,,,,,,,,,,,,,,,,,,,,,,,,,,,,,,,,,,,,,,,,,,,,,,,,,,,,,,,,,,,,,,,,,,,,,,,,,,,,,,,,,,,,,,,,,,,,,,,,,,,333.0,322.0,286.0,266.0,220.0,253.0,302.0,457.0,506.0,432.0,241.0,,,,,,,,,,,,,,62.0,75.0,77.0,77.0,91.0,75.0,76.0,96.0,132.0,117.0,138.0,119.0,158.0,112.0,147.0,123.0,123.0,132.0,135.0,173.0,332.0,,207.0,179.0,153.0,155.0,135.0,145.0,150.0,164.0,143.0,152.0,139.0,155.0,155.0,127.0,58.0,97.0,129.0,117.0,111.0,118.0,42.0,111.0,63.0,,53.0,42.0,62.0,35.0,66.0,66.0,81.0,38.0,,,,,,,,
vainags,I:/zips/vainags_articles.zip,3,80,1920,1931,,,,,,,,,,,,,,,,,,,,,,,,,,,,,,,,,,,,,,,,,,,,,,,,,,,,,,,,,,,,,,,,,,,,,,,,,,,,,,,,,,,,,,,,,,,,,,,,,,,53.0,,,,,,,,,,8.0,19.0,,,,,,,,,,,,,,,,,,,,,,,,,,,,,,,,,,,,,,,,,,,,,,,,,,,,,,,,,,,,,,,,,,,,,,,,,,,,,,,,,,,,
valdibas_vestnesis,I:/zips/valdibas_vestnesis_articles.zip,22,446440,1919,1940,,,,,,,,,,,,,,,,,,,,,,,,,,,,,,,,,,,,,,,,,,,,,,,,,,,,,,,,,,,,,,,,,,,,,,,,,,,,,,,,,,,,,,,,,,,,,,,,,,4366.0,8933.0,12070.0,11406.0,12543.0,17998.0,20511.0,21596.0,25283.0,25619.0,25586.0,26605.0,26149.0,23372.0,29067.0,28959.0,36488.0,33839.0,35870.0,6642.0,7380.0,6158.0,,,,,,,,,,,,,,,,,,,,,,,,,,,,,,,,,,,,,,,,,,,,,,,,,,,,,,,,,,,,,,,,,,,,,,,,,,,
veseliba,I:/zips/veseliba_articles.zip,45,14433,1958,2022,,,,,,,,,,,,,,,,,,,,,,,,,,,,,,,,,,,,,,,,,,,,,,,,,,,,,,,,,,,,,,,,,,,,,,,,,,,,,,,,,,,,,,,,,,,,,,,,,,,,,,,,,,,,,,,,,,,,,,,,,,,,,,,,,,,,,,,,,199.0,329.0,324.0,314.0,272.0,300.0,288.0,277.0,292.0,287.0,284.0,309.0,275.0,291.0,327.0,289.0,283.0,322.0,322.0,301.0,447.0,422.0,383.0,392.0,403.0,402.0,377.0,352.0,337.0,383.0,410.0,394.0,423.0,157.0,211.0,389.0,381.0,368.0,348.0,389.0,256.0,,,,,,,,,,,,,,278.0,248.0,227.0,171.0
zarja_kommunizma_kraslava,I:/zips/zarja_kommunizma_kraslava_articles.zip,16,39963,1962,1977,,,,,,,,,,,,,,,,,,,,,,,,,,,,,,,,,,,,,,,,,,,,,,,,,,,,,,,,,,,,,,,,,,,,,,,,,,,,,,,,,,,,,,,,,,,,,,,,,,,,,,,,,,,,,,,,,,,,,,,,,,,,,,,,,,,,,,,,,,,,,2104.0,2367.0,2783.0,3059.0,2531.0,2427.0,2798.0,2316.0,2119.0,2709.0,2486.0,450.0,2919.0,3006.0,2911.0,2978.0,,,,,,,,,,,,,,,,,,,,,,,,,,,,,,,,,,,,,,
za_pobedu_kommunizma_ludza,I:/zips/za_pobedu_kommunizma_ludza_articles.zip,16,49973,1962,1977,,,,,,,,,,,,,,,,,,,,,,,,,,,,,,,,,,,,,,,,,,,,,,,,,,,,,,,,,,,,,,,,,,,,,,,,,,,,,,,,,,,,,,,,,,,,,,,,,,,,,,,,,,,,,,,,,,,,,,,,,,,,,,,,,,,,,,,,,,,,,2201.0,3394.0,3223.0,3176.0,3290.0,3246.0,3149.0,2883.0,3201.0,2975.0,3375.0,3276.0,3188.0,3149.0,3140.0,3107.0,,,,,,,,,,,,,,,,,,,,,,,,,,,,,,,,,,,,,,
zinas,I:/zips/zinas_articles.zip,1,27,1945,1945,,,,,,,,,,,,,,,,,,,,,,,,,,,,,,,,,,,,,,,,,,,,,,,,,,,,,,,,,,,,,,,,,,,,,,,,,,,,,,,,,,,,,,,,,,,,,,,,,,,,,,,,,,,,,,,,,,,,,,,,,,,,27.0,,,,,,,,,,,,,,,,,,,,,,,,,,,,,,,,,,,,,,,,,,,,,,,,,,,,,,,,,,,,,,,,,,,,,,
znamja_truda_rezekne,I:/zips/znamja_truda_rezekne_articles.zip,27,92101,1962,1988,,,,,,,,,,,,,,,,,,,,,,,,,,,,,,,,,,,,,,,,,,,,,,,,,,,,,,,,,,,,,,,,,,,,,,,,,,,,,,,,,,,,,,,,,,,,,,,,,,,,,,,,,,,,,,,,,,,,,,,,,,,,,,,,,,,,,,,,,,,,,2741.0,4218.0,4550.0,4449.0,4339.0,4163.0,3980.0,3924.0,3652.0,3377.0,3583.0,3716.0,3682.0,3470.0,3485.0,3559.0,3484.0,3128.0,3146.0,2993.0,2801.0,2879.0,2927.0,2946.0,2899.0,2904.0,1106.0,,,,,,,,,,,,,,,,,,,,,,,,,,,
zvaigzne,I:/zips/zvaigzne_articles.zip,49,26498,1929,1994,,,,,,,,,,,,,,,,,,,,,,,,,,,,,,,,,,,,,,,,,,,,,,,,,,,,,,,,,,,,,,,,,,,,,,,,,,,,,,,,,,,,,,,,,,,,,,,,,,,,,,,,,,,,65.0,32.0,24.0,10.0,,,,,,,,,,,,,,,,,,225.0,484.0,389.0,555.0,569.0,668.0,670.0,628.0,520.0,775.0,647.0,528.0,615.0,743.0,657.0,497.0,692.0,686.0,700.0,786.0,692.0,598.0,690.0,661.0,717.0,813.0,640.0,667.0,877.0,624.0,570.0,475.0,677.0,638.0,713.0,557.0,689.0,675.0,490.0,507.0,554.0,133.0,230.0,347.0,99.0,,,,,,,,,,,,,,,,,,,,,
даугава_литературно-художественный_и_публицистический_журнал,I:/zips/даугава_литературно-художественный_и_публицистический_журнал_articles.zip,32,4437,1977,2008,,,,,,,,,,,,,,,,,,,,,,,,,,,,,,,,,,,,,,,,,,,,,,,,,,,,,,,,,,,,,,,,,,,,,,,,,,,,,,,,,,,,,,,,,,,,,,,,,,,,,,,,,,,,,,,,,,,,,,,,,,,,,,,,,,,,,,,,,,,,,,,,,,,,,,,,,,,,181.0,235.0,225.0,241.0,226.0,228.0,214.0,218.0,223.0,240.0,204.0,202.0,204.0,169.0,71.0,108.0,102.0,78.0,88.0,98.0,86.0,69.0,146.0,94.0,80.0,80.0,60.0,76.0,53.0,56.0,67.0,15.0,,,,,,,
родник_проза_поэзия_публицистика_критика_литературно_художественный_и_общественно_политический_ежемесячный_журнал_для_молодежи,I:/zips/родник_проза_поэзия_публицистика_критика_литературно_художественный_и_общественно_политический_ежемесячный_журнал_для_молодежи_articles.zip,7,1238,1987,1993,,,,,,,,,,,,,,,,,,,,,,,,,,,,,,,,,,,,,,,,,,,,,,,,,,,,,,,,,,,,,,,,,,,,,,,,,,,,,,,,,,,,,,,,,,,,,,,,,,,,,,,,,,,,,,,,,,,,,,,,,,,,,,,,,,,,,,,,,,,,,,,,,,,,,,,,,,,,,,,,,,,,,,309.0,316.0,264.0,187.0,53.0,73.0,36.0,,,,,,,,,,,,,,,,,,,,,,
советская_молодежь,I:/zips/советская_молодежь_articles.zip,46,348922,1945,1990,,,,,,,,,,,,,,,,,,,,,,,,,,,,,,,,,,,,,,,,,,,,,,,,,,,,,,,,,,,,,,,,,,,,,,,,,,,,,,,,,,,,,,,,,,,,,,,,,,,,,,,,,,,,,,,,,,,,,,,,,,,,4277.0,8008.0,6983.0,8073.0,7930.0,7270.0,7840.0,7437.0,8076.0,7796.0,8420.0,9585.0,9255.0,8392.0,9059.0,7965.0,7902.0,8204.0,7754.0,7674.0,7561.0,7426.0,7577.0,7348.0,7505.0,8325.0,7475.0,8571.0,8160.0,7305.0,7874.0,7895.0,7289.0,7007.0,7020.0,7513.0,7516.0,7166.0,7723.0,7425.0,7771.0,7132.0,6421.0,6346.0,6116.0,5555.0,,,,,,,,,,,,,,,,,,,,,,,,,
