term,term_freq,doc_freq
vilciens,566,102
laivas,925,95
auto,1875,83
kamanas,149,71
rati,2222,63
kuģis,480,60
laivu,502,56
lidmašīna,546,52
kuģi,1513,52
tvaikonis,158,50
pajūgs,121,45
lidmašīnas,372,43
zirgs,423,41
laivā,462,36
ragavas,92,35
pajūgi,94,33
automobiļi,91,32
zirgi,738,32
automobilī,114,32
automobilis,90,31
kamanās,127,30
ormanis,92,27
tvaikoņi,71,26
```,0,24
zirgu,1150,24
laiva,775,24
tramvajs,29,24
lokomotīve,30,23
plosts,56,20
lidmašīnu,220,20
kuģiem,149,20
ratiem,147,19
motorlaiva,118,19
jachta,276,18
vezumi,102,18
važonis,20,17
pajūgu,55,17
laiviņa,35,17
kuģa,359,16
autobuss,27,16
vilcienu,72,15
automobiļa,24,15
lielgabali,84,15
limuzīns,21,14
kuģu,229,14
lidomašīna,0,14
plostu,130,14
ātrvilciens,8,14
lidmašīnā,85,13
kuģītis,4,12
tvaikoni,99,12
mašīna,127,12
ratos,167,12
kariete,59,12
zirgiem,118,12
tvaikonītis,14,11
vezumam,9,11
zirgus,150,11
tramvaji,15,11
lokomotive,33,11
aeroplanu,18,11
kamanām,57,11
kuģī,19,11
aeroplāns,14,11
zirga,197,11
karietes,31,11
vezuma,51,10
laivās,52,10
lidmašina,191,10
aeroplani,24,10
kumeļš,31,10
bēris,19,10
automobils,28,10
vāģi,38,10
ratus,73,10
velkonis,27,10
vilcienā,27,10
divjūgs,18,10
laivām,20,9
laiviņā,20,9
vezums,26,9
velosipēds,2,9
motocikls,10,8
motorlaivas,30,8
ormanī,17,8
ormaņi,11,8
vilcieni,25,8
ratu,153,8
vāģis,15,7
pajāgi,0,7
kamanu,19,7
aeroplans,17,7
pajūgā,20,7
zirgā,30,7
automobiļu,18,7
ores,66,7
automobīlis,3,7
motociklets,15,7
liellaivas,17,6
laiviņas,9,6
velosipēdi,5,6
vilciena,20,6
automobili,26,6
automašīna,10,6
tvaikonīši,7,6
lidmašīnām,34,6
ekspresis,11,6
lielgabalu,45,6
droška,16,6
autobusā,11,6
ragavās,30,6
automobiļiem,6,6
tvaikoņa,52,6
automobiļos,6,6
kupejā,38,6
ormani,41,6
limuzins,7,6
aeroplanā,6,6
taksometrs,6,6
kreiseri,23,6
jachtas,21,6
zirdziņš,13,5
automobīļi,6,5
pajāgs,0,5
barkas,12,5
lidmašinas,102,5
automobīlī,14,5
vagonu,28,5
vagonā,63,5
tramvaju,6,5
tramvajā,10,5
zirģelis,10,5
pajūgiem,5,5
aizjūgs,7,5
autobusu,6,5
ori,128,5
gaisa kuģi,5,5
velkoņi,5,5
jachtā,12,5
tvaikoņiem,14,5
jātnieku,66,5
jātnieks,42,5
jātnieki,69,5
karietē,20,5
lidojums,1,4
lokomobile,9,4
zirgam,49,4
pajūgos,5,4
lokomotīves,6,4
aeroplāni,6,4
balons,3,4
pajūgus,6,4
zemūdenes,33,4
vagona,49,4
linijdroška,7,4
bruņotais vilciens,6,4
važoni,16,4
važonī,7,4
divriteņa,12,4
kuģos,9,4
mašīnas,42,4
sanitārvilciens,8,4
motorlaivā,9,4
burinieks,4,4
motorlaivu,19,4
vagoniem,10,4
liellaiva,18,4
kumeļi,58,4
rato,56,4
kumeļu,81,4
tvaikonī,7,4
pajugus,0,4
sirms,4,3
kuģiši,7,3
vāģos,15,3
divritenis,11,3
ešelons,4,3
rāmis,4,3
ormaņu rati,3,3
rumaku,49,3
vanags,11,3
droškas,3,3
ore,139,3
kuģim,43,3
vezumnieki,20,3
vagons,4,3
kumeļus,32,3
vagoni,13,3
arkls,3,3
lidmašinu,44,3
lidmašinā,32,3
divriteni,9,3
kumeļiem,29,3
aeroplānu,2,3
kuģus,20,3
cepelīnu,1,3
fregates,33,3
fregate,59,3
ormaņa rati,2,3
plostus,30,3
cepelīni,4,3
plostiem,22,3
plosti,76,3
ratiņi,17,3
bruņu vilciens,6,3
fūrmanis,10,3
mašinas,153,3
kumeļa,32,3
bruņu kuģi,10,3
kuģīti,9,3
divjūgā,4,3
lidmašīnai,3,3
autobusi,5,3
tanki,15,3
ložmetējs,18,3
tvaikoniši,3,3
lidomašīnas,0,3
ložmetēji,8,3
ķēve,26,3
lidoja,40,3
raķete,9,3
gaisa kuģis,0,3
nav minēts,0,3
gaisakuģi,1,3
limuzīni,3,3
govis,115,3
eķipažā,12,3
fregātes,14,3
```latvian,0,3
pajūga,3,3
pusrati,15,2
jātnieku pulks,1,2
gaisa satiksme,1,2
velosipedu,2,2
riteņi,21,2
speciālvilciens,2,2
kuģīši,1,2
sporta vāģis,2,2
jāšus,13,2
tramvaja vagons,2,2
gaisā,12,2
rateļus,6,2
fūrmanī,7,2
gaisa,108,2
kuģīša,3,2
kara rati,0,2
jūras jachta,2,2
jūras laivas,3,2
prāmi,5,2
transportkuģis,0,2
vezumiem,4,2
ragaviņas,1,2
cepelīns,2,2
ratojums,0,2
sirmis,4,2
kamieļi,7,2
dampis,0,2
velosipēdu,0,2
slidām,4,2
slitas,9,2
gaisa kuģu,2,2
satiksmes tvaikonītis,2,2
kuļmašīna,4,2
kuļammašīna,11,2
velkonītis,2,2
tramvaja,6,2
komeļš,0,2
kumeļam,9,2
kuģga,17,2
tvaikonim,3,2
taksometrā,4,2
krievu kuģi,1,2
ekipāža,19,2
ekipažās,2,2
vagonos,3,2
ekipažā,2,2
gondola,1,2
kumeļā,25,2
karuselis,2,2
hidroplani,3,2
gondolā,6,2
kaŗa kuģi,10,2
uguns rati,3,2
ratnīcas,6,2
taksomotoru,2,2
rata,133,2
kaŗa kuģus,2,2
tvaikoņus,2,2
tvaikoņu,1,2
ekipāžā,9,2
hidroplāns,2,2
divjūgu,2,2
kateri,2,2
ekipažas,3,2
galeras,20,2
kokasnieki,2,2
kumeļos,17,2
taksi,1,2
iznīcinātāji,19,2
raķetes,3,2
glābšanas laivas,2,2
tvaikonitis,3,2
fūrmaņi,9,2
eķipaža,4,2
kuģiti,2,2
eķipažas,10,2
kreiseris,8,2
trijjūgs,3,2
vanagi,7,2
laivam,14,2
aeroplana,2,2
lielgabalus,2,2
ormaņu,4,2
lielgabals,5,2
orē,9,2
pajā,0,2
lidos,0,2
pajūgam,3,2
autobusa,2,2
autobusam,2,2
automobiļus,2,2
autotaksī,2,2
zirdziņu,9,2
aviācija,36,2
aviācijas,27,2
lidmašīnās,2,2
zirdziņam,2,2
zemūdenslaiva,88,2
zemūdens laivas,3,2
lidmašinām,20,2
zemūdene,81,2
zalonvagons,1,2
lidlaivā,2,2
brauceji,13,2
briga,10,2
lidaparāts,1,2
vērši,6,2
ātrvilcienā,2,2
aizjūga,1,2
bruņotais auto,3,2
liellaivām,4,2
motocikletu,2,2
motocikleti,1,2
melnis,20,2
mašīnā,1,2
mašinam,15,2
mašina,21,2
mantu vezums,1,2
makšķeres,3,2
līķrati,5,2
lokomotivi,2,2
lokomotives,2,2
šoneris,17,2
ogļu kuģi,3,2
šautenes,63,2
okeāna tvaikonis,0,2
limuzīnā,1,2
limuzīnu,4,2
oris,12,2
ēzelis,6,2
limuzini,2,2
ērzeli,13,2
ormaņa,9,2
ormaņa kamanas,2,2
aerostatu,3,2
četrjūgs,2,2
lidaparātiem,2,2
kameļi,9,2
buru laivas,2,2
vāgonā,0,2
pasta zirgi,4,2
vāžonis,0,2
vilcienam,5,2
vilciņš,3,2
preču tvaikonis,2,2
preču auto,4,2
laiviņu,19,2
pasta rati,1,2
plosta,4,2
laiviņās,3,2
rospuskas,2,1
rota,91,1
mīnu kuģi,8,1
mīnu kuģi „Strašnij”,0,1
rokas rateļu,1,1
mīnu kuģi „Strašniju”,0,1
rotacijmašīna,0,1
pasažieru kuģītis,1,1
roādsterī,0,1
mīnmetēji,0,1
mīnas,3,1
rubenis,3,1
mēslu rati,0,1
rumakā,9,1
preču automobiļus,1,1
mēslu rateļus,1,1
rātu,6,1
preču kuģis,1,1
mākoņu bumbiņām,1,1
mīnu kuģiem,3,1
riteņiem,1,1
rodsteri,2,1
nacionālās armijas,4,1
ratu rindas galā,1,1
nav ne viena,1,1
ratu riteņi,1,1
ratu rībēšana,2,1
ratu čīkstoņa,1,1
nav minēti gaisa transporta veidi.,0,1
ratuvezumiem,0,1
ratā,1,1
razole,4,1
nagana,1,1
naftas cisternas,1,1
raķetes lidmašīna,2,1
mīnu kuģim,0,1
redeļore,1,1
restorāna vagons,0,1
mūļi,3,1
revolveri,17,1
mūsu mīnu kuģi,2,1
revolvers,0,1
rikši,10,1
mūlis,9,1
ritenis,2,1
riteņbraucēji,1,1
mīnu kuģus,3,1
mākoņkuģis,6,1
rāvji,5,1
mākoņa ēna,1,1
motorrats,8,1
preču vagons,0,1
motoršļirce,1,1
sanitāru rati,1,1
motoru kuģis,0,1
sanitārvilcienam,0,1
motoru,41,1
sanitārā vilcienā,1,1
sarkani vagoni,1,1
sarkanie vagoni,1,1
sarkanā armija,0,1
satiksmes lidmašīna,1,1
motorlaiviņas,0,1
motoŗa,0,1
prāmji,1,1
siena vezums,1,1
motorlaiva „Kaija”,2,1
preču vedējs „Zefirs”,0,1
siernīcai savesto akmeņu kaudzi,1,1
motorkuteris,1,1
motorjahtā,0,1
motorjachta,1,1
motorbūrniekā,1,1
motorburinieki,1,1
siles,1,1
sanitāru kulbas,0,1
sanitārs,1,1
rāvi,12,1
muižkungmājas,15,1
nebij,176,1
rīksti,0,1
rīkstiem,0,1
mustangs,2,1
rīksšojot,0,1
rīkši,0,1
munīcijas rati,0,1
rīta vilcienu,2,1
municijas vilciens,3,1
sacīkšu auto,4,1
preču tvaikonis „Sero”,0,1
muižas kučieri,1,1
sanitārais automobilis,0,1
muižas aizdotu zirgu,1,1
sacīkšu jachtu,1,1
salauzta aeroplana,0,1
saldētavas,1,1
salnis,7,1
sanitartransports,1,1
sanitarvilcienos,1,1
preču vagoni,0,1
sanitārais auto,1,1
mugurā,12,1
mucām,1,1
ratu kulbā,3,1
prāmjiem,2,1
nedēļnieki,3,1
pasažieru vilciens,1,1
pasta ratiem,1,1
pasta zirgos,1,1
pajūgu rindām,1,1
peldu vietas,1,1
petrolejas lampa,1,1
pirogas,4,1
pistole,2,1
ragaviņām,0,1
pajāmais,0,1
ragaviņās,2,1
pajājugam,0,1
pajāji,0,1
ragavu rinda,1,1
pajāgā,0,1
pajāgums,0,1
ragavām,1,1
pajāgu,0,1
pajāgiem,0,1
pistoles,1,1
pajugā,0,1
ragutiu,0,1
ragutiņas,16,1
pajugs,0,1
pusratos,3,1
pasažieru vagons,1,1
nedēļniekiem,2,1
pasažieru tvaikoņi,1,1
pasažieru kuģis,0,1
pātaros,2,1
pasažieru automobilis,0,1
pasažieru lidmašīnas,0,1
pērkonratos,1,1
pārdrednauti,1,1
pasažieru līdmašīnas,1,1
pīlens,2,1
pārcēlejs tvaikonītis,0,1
pasažieru,1,1
pasažiertvaikonītis,0,1
palazdites,3,1
pasažieru tvaikonis,0,1
pīles,7,1
pasažieru tvaikonī,1,1
pīļu,7,1
pļaujamās mašīnas,0,1
putniņi,2,1
putna ligzdiņš,1,1
pļaujmašina,1,1
pļaujmašinas,0,1
pūcenus,2,1
pūrarati,1,1
pagalēm,1,1
ostas velkonīši,1,1
ostas velkoni,1,1
platdubas,2,1
poļu karali,2,1
ratoj,0,1
puskarīte,0,1
ratojot,1,1
omnibuss,2,1
omnibusi,1,1
olnīcas,2,1
ratoš,0,1
okeana,1,1
puskarieti,1,1
ratošajiem,0,1
rats,3,1
ogļu vāģus,0,1
ogļu vedēji,1,1
ogļu kuģis,0,1
puskariete,1,1
preču automobilī,1,1
ogļu,42,1
pulka,40,1
pasažieru kuģiši,2,1
ratu kulbas malas,1,1
ratu kulbas priekšā,0,1
nedēļnieku,1,1
siltumnīcu,1,1
puskaŗiete,16,1
ratnīcu,2,1
puskaŗieti,4,1
ormānis,0,1
ormaņu kamanas,1,1
rateļos,3,1
ormaņrati,3,1
ormaņos,1,1
plostam,1,1
ormaņkamanas,0,1
ormaņiem,2,1
plostiņiem,1,1
puskaŗietē,7,1
ratiem piesieto,1,1
orkls,0,1
ratiem pāri,0,1
plānvāģiem,4,1
ormaņa droška,0,1
ratiņos,2,1
ratiņus,3,1
preču vilcieni,1,1
plānvāģos,1,1
ratiņš,9,1
orkā,0,1
puskaŗietei,8,1
preču vilciens,1,1
tors,1,1
sirdziņš,0,1
zirgi ar Poruka mantām,0,1
«Astru»,1,1
zēģelē,0,1
zēģelkuģi,1,1
zvēru bara,1,1
zvejnieku laivas,2,1
zvejnieku laiva,1,1
zvejlaiva,4,1
zvejas laivas,0,1
zvejas kuteris,1,1
zvaigžņota,1,1
zvaigznīšu,2,1
zosu,6,1
zosis,4,1
zobenus,1,1
zobens,11,1
zmagajā preču automobilī,0,1
ziņnesis,3,1
zirģeļi,1,1
zirģeli,4,1
zirgu staļļus,1,1
zirgu pasta,1,1
«Gundegu»,1,1
«Rekrūts»,1,1
«soska»,1,1
ātrās divvietņu tipa mašīnas,1,1
čoliņa,3,1
četrus zirgus,1,1
četrratā,1,1
četrjūgu,1,1
četri zirgi,0,1
četri tīrasiņu arabu meļņi,0,1
ātrās palīdzības vāģis,1,1
ātrās palīdzības rati,1,1
ātrās palīdzības auto,1,1
ātrā skrējienā,0,1
Ādlers,4,1
ātrvilcienus,1,1
ātrvilcienu,4,1
ātrvilcienos,1,1
ātrvilcienam,2,1
ātru,7,1
ātro un izturīgo jachtu „Pīkols”,0,1
ātkal,1,1
āboliņa šķūni,2,1
Ātrvilcienā,0,1
zirgos,8,1
zirgeļi,1,1
sirmi,10,1
zirgelis,2,1
vēja motori,2,1
vēja dzinejs,1,1
vāžonī,0,1
vāžons,0,1
vāģā,0,1
vāģus,1,1
vāģu,3,1
vāģišos,2,1
vāģišiem,1,1
vāģgu,2,1
vāvere,0,1
vālodze,1,1
vāle,4,1
vācu vilcieni,1,1
vācu spēki,3,1
vācu kuģus,1,1
vācu karaspēka,0,1
vācu kara ratos,1,1
vācu flote,0,1
vācu dzelzsdivizija,1,1
vācu dievnamā,0,1
vēja motors,0,1
vējdzirnavās,1,1
vēji,2,1
zemūdeni,31,1
zirdziņus,1,1
zirdziņiem,0,1
ziemeļu ekspresis,1,1
ziemeļarmija,5,1
zenita baterijas,1,1
zemūdenēm,1,1
zemūdenslaivas,46,1
zemūdenslaiva „U. 34“,0,1
zemūdens,6,1
zemūdenes modelis,0,1
vērsis,3,1
zemūdenei,2,1
zemnieku pajūgs,1,1
zaķītis,2,1
zalonvagonā,1,1
zaldāti,0,1
zaldati,43,1
vēzums,0,1
vēstules tašu,0,1
vēselas rindas,1,1
ē,5859,1
ērgļu,0,1
ērzelis,6,1
ērzeļiem,1,1
„Rešitelnij”,0,1
„Rex”,0,1
„Retvizan”,0,1
„Retvizana”,0,1
„Poltava”,0,1
„Pobeda”,0,1
„Petropavlovsk”,0,1
„Petropavlovsks”,0,1
„Petropavlovska”,0,1
„Peresvet”,0,1
„Oriona”,10,1
„Novik”,0,1
„Naniva” „Takačimo”,0,1
„Mikasa”,0,1
"„Melnās Veneras""",1,1
„Lielā Kūrija”,0,1
„Krokodīls”,25,1
„Korejecs”,0,1
„Kasagi”,0,1
„Jvate”,0,1
„Grozovoi”,0,1
„Serditij”,0,1
„Sevastopoļ”,0,1
„Silnij”,0,1
„Valzivs”,8,1
"„ševrolets""",2,1
„Šķirme”,3,1
„Ēatsuse”,0,1
„Čioda”,0,1
"„Vulkānā""",0,1
„Vnušiteļnij”,0,1
„Vlastnij”,0,1
„Vinosļivij”,0,1
„Vaŗags”,0,1
„Vaizivi”,1,1
„Smelijs”,0,1
„Tošino”,0,1
„Takasgo”,0,1
„Tabuna”,0,1
„Strašniju”,0,1
„Strašnijs”,0,1
„Storoževoi”,0,1
„Stereguščij”,0,1
„Smielij”,0,1
„Smelij”,0,1
„Fudži”,0,1
„Diana”,0,1
„Bojevoi”,0,1
ņieburā,1,1
šlemeļi,0,1
šlemaņa,0,1
šauteni,14,1
šautene,0,1
šaursliežu dzelzceļu,1,1
šaurliežu dzelzceļš,0,1
šauri atsperu rati,1,1
šaujamo loku,1,1
šalons,1,1
ķīvites,1,1
šoneris „Bangpūtis“,1,1
ķīvere,2,1
ķīpa,1,1
ķēviti,1,1
ķēvi,1,1
ķerru,1,1
Ģirts,9,1
ēzeļis,0,1
ērģļa,1,1
ērģelītes,0,1
šoneri,1,1
šoneris „Pērkons“,0,1
„Bezstrašnij”,0,1
žīda rati,1,1
„Bazjäštšij”,0,1
„Bajan”,0,1
„Bajans”,0,1
„Azama”,0,1
„Askoļd”,0,1
„Askold”,0,1
„Arija”,2,1
„Akažai”,0,1
куģus,0,1
ūdensvelosipedu,2,1
šrapneļi,1,1
ūdens pumpētavu,1,1
ūdens,17,1
šķēps,7,1
šķēpi,13,1
šķimelis,1,1
štīmeŗi,0,1
štīmeru,0,1
štīmers,0,1
štīmeris,0,1
vācu aeroplāns,1,1
vācu aeroplanu,1,1
vācu aeroplani,0,1
trīsmastu kuģis,0,1
traktoriem,1,1
traktori,1,1
motorbureniekos,1,1
torpedu laivām,1,1
torpedu laivu,3,1
torpedu laivas „Vņimateļnij”,0,1
torpedu laivas,9,1
torpedo laivas,0,1
torpedas,1,1
torpeda,86,1
tirdzniecības tvaikonis,0,1
tiltu,2,1
teļš,2,1
telegrafeja,1,1
taļu,2,1
tačkā,0,1
tankā,0,1
tanku kuģis,1,1
tamborrati,1,1
tambora rati,0,1
takšus,1,1
traktorus,1,1
tralleris,1,1
trami,1,1
transportlidmašīnu,1,1
trīsmastu burenieku,0,1
trīsmastnieku,1,1
trirēmām,1,1
trijūgs,1,1
trijjūgā,2,1
trijjūgi,3,1
transportā,0,1
transportu,1,1
transports,0,1
transportlaivas,1,1
tramvaja vagona,0,1
transportkuģi,0,1
transportkuģa,1,1
transporta un pasažieru līdmašīnas,1,1
transporta rati,0,1
transporta kuģis „Angora”,0,1
transporta kuģis,0,1
transporta kuģa,0,1
tramvajus,1,1
tramvaja vagonam,1,1
takši,1,1
taksīšus,1,1
taksītim,1,1
smagā preču auto,0,1
spārnotam zirgam,0,1
spārnota zirga,1,1
spāres,1,1
speciālvilcienu,2,1
speciālvagonu,1,1
speciāllidmašīnu,2,1
specialā vilcienā,1,1
smēdi,9,1
smagās mašinas,3,1
smagā mašina,1,1
spāru,1,1
smago ormaņu,1,1
smago automobiļu,0,1
smagie auto,0,1
slīdlaiva,1,1
slēpju,1,1
slēpes,0,1
slidotavu,3,1
slidas,5,1
sirmīti,4,1
spārnu ratu,1,1
stops,1,1
taksī,1,1
sūrmaņos,1,1
taksomotora,1,1
taksometrī,0,1
taksometris,1,1
taksometriem,1,1
taksometri,2,1
taksometra,2,1
taksiti,3,1
taksim,1,1
sūtniecības lidmašīna,0,1
sūrmaņa,1,1
stratosfairas lidmašīnas,0,1
sēru ratu,1,1
svešzemju tvaikoņi,1,1
stīmerītis,1,1
stīmeru,1,1
stīmeri,2,1
strūgu,20,1
strūgas,20,1
stratosfēras lidmašīnas,0,1
stratosfēras lidaparātiem,0,1
"trīsmastu burinieks „Andromeda""",1,1
tvaika barkase,3,1
vāciešu lidmašīnas,0,1
tvaika barkasi,1,1
vieglajiem ratos,0,1
vezumā,1,1
vezumus,4,1
vezumnieku rati,0,1
vezumnieku karavanas,2,1
vezumai,0,1
vezuma rati,0,1
vezuinos,0,1
vezu,2,1
velētava,13,1
velosipēdisti,1,1
velosipēdiem,1,1
velosipēdas,1,1
velosipedus,5,1
velosipedu fabrikas skurstenis,1,1
velosipeds,2,1
velosipediem,2,1
vellapēdas,0,1
velkoņiem,1,1
velkonī,3,1
velkoni,2,1
vieglajos ratos,1,1
viegli rati,1,1
vieglie auto,1,1
vilcienos,1,1
viņa zirgi,0,1
visādas uz riteņiem celtas uzbrucējus sargājošas nojumes,0,1
vista,4,1
virpuļu durvis,9,1
vinniņiem,1,1
vilni,3,1
vilks,21,1
vilka,15,1
vilcienus,3,1
vilcieniem,3,1
vieglie tanki,1,1
vilciena rati,1,1
vienzirga pajūgs,0,1
vienmastnieka,1,1
vienmasta krastu braucējs,0,1
vienkoči,2,1
vienkocī,1,1
vienkocis,2,1
vienjūgs,0,1
vieglos ratos,1,1
velci,2,1
vecā kariete,1,1
vecu kariete,0,1
"tvaikonis „Lokki""",0,1
tvaikonīšu,3,1
tvaikonīša,3,1
tvaikonīti,1,1
tvaikoniša,1,1
tvaikonitī,1,1
tvaikonis „Zero”,0,1
tvaikonis „Spodra”,1,1
"tvaikonis „Savonlinna""",0,1
"tvaikonis „Sampo""",0,1
"tvaikonis „Leppāvirtā""",0,1
tvaikvedi,2,1
tvaikonis „Ladoga”,1,1
"tvaikonis „Kiuruvesi""",0,1
"tvaikonis „Heināvesi""",0,1
tvaika rati,1,1
tvaika lokomotīve,0,1
tvaika kuļmašina,1,1
tvaika kumeļš,1,1
tvaika katlu,1,1
tvaika dzirnavas,2,1
tvaiku,1,1
tvaikveža,1,1
veco vējdzirnavu torni,1,1
vanaga spārniem,3,1
veco riju,2,1
važām,4,1
važoņi,1,1
važoņa,1,1
važons,1,1
važonim,0,1
vaļejos ratos,1,1
vardes,9,1
vapenis,1,1
vanadziņi,1,1
tvaikvilcis,1,1
vairogs,2,1
vagonītī,1,1
vagonus,2,1
vagoneti,2,1
vagonetes,1,1
vagana,1,1
ugunsdzēsēju auto,0,1
tējmašīna,0,1
tāksi,0,1
motorburenieks,0,1
- lidmašīnas,0,1
motoram,0,1
burinieks „Zancta Maria“,0,1
bēri,9,1
bērais,0,1
bēra zirga,1,1
bēgļu vilciena,1,1
bēgļu ratos,1,1
buļļas,0,1
burulaiviņā,1,1
buru laiviņa,1,1
buru jachtu,0,1
burinieks „Venda“,0,1
bērītis,8,1
burinieks „Jdore“,0,1
burinieks „Goodvind“,0,1
burinieks „Adore“,0,1
buriniekiem,1,1
burinieki,3,1
burinieka „Adore“,0,1
burinieka,2,1
bureniekā,1,1
burenieku,6,1
bērīti,16,1
bīdamie torņi,1,1
burenieki,7,1
darba rati,0,1
dirižabļi,1,1
dirižablis,1,1
dirižabli,1,1
diližansu,1,1
diližanss,1,1
diližans,0,1
dilišanksu rati,0,1
desantlaivas,1,1
darba vāģi,1,1
dampjis,0,1
būrniekā,1,1
cūkstalli,2,1
cūkleja,0,1
cūka,26,1
cirvi,26,1
ceļojošos,1,1
ceļa soma,0,1
ceļa rati,0,1
cepelins,1,1
celtuve,19,1
bureniekiem,3,1
buras,3,1
brieži,6,1
bruņots ar diviem ložmetejiem,1,1
bruņu kreiserim,1,1
bruņu kreiseri „Vaŗagam”,0,1
bruņu kreiseram „Vaŗagam”,0,1
bruņu kreisera „Vaŗaga”,0,1
bruņu kaujas kuģiem,1,1
bruņu cepuri,3,1
bruņu auto «Kurzemnieks»,1,1
bruņotā kreisera „Vaŗaga”,0,1
bruņots vilciens,2,1
bruņotiem vilcieniem,2,1
bruņu kuga „Idzumo”,0,1
bruņotie vilcieni,4,1
bruņotie automobiļi,1,1
bruņotie,1,1
bruņoti jātnieki,0,1
bruņotais automobīlis,1,1
bruņotais automobilis,0,1
brigā,0,1
brigs,0,1
brigantinas,1,1
bruņu krekls,1,1
bruņu kugiem,1,1
bumeranga,1,1
bruņuvilciens,2,1
bumbvedējiem,1,1
bumbvedēji,2,1
bumbas,1,1
bultu maksti,1,1
bultas,5,1
buksieris,0,1
brūzi,35,1
brūnis,1,1
brīgas,1,1
bruņu mīņu,1,1
bruņu kuģgi „Cesarevitž”,0,1
bruņu mašīnas,0,1
bruņu kuģis „Poltava”,0,1
bruņu kuģis „Petropavlovsk”,0,1
bruņu kuģiem „Cezareviča”,0,1
bruņu kuģiem,4,1
bruņu kuģi „Čiroze”,0,1
bruņu kuģi „Petropavlovsk”,0,1
bruņu kuģi „Jakums”,0,1
bruņu kuģi „Cesarevitž”,0,1
dirižabļu,2,1
divi vezumi,0,1
divi zirgi,0,1
elektriskā lidmašīna,0,1
ešalons,2,1
ešaloniem,3,1
ešaloni,6,1
ešalona,4,1
eķipāžās,1,1
eķipažs,0,1
elektrotraktori,1,1
elektrokaru,6,1
elektrokars,3,1
elektriskā gaisa vāģis,0,1
ešalonus,3,1
elektriskos dzelzceļus,1,1
elektriskie vagoni,0,1
elektriskie satiksmes ceļi,0,1
elektriskie gaisa dzelzceļa vagoni,1,1
elektriskie automobiļi,1,1
elektriski vilcieni,0,1
ekspresi,7,1
ekipāžās,2,1
ekipāžām,1,1
ešalonu,12,1
ešeloni,1,1
diviem zirgiem,1,1
fregāte,15,1
fūrmāņiem,0,1
fūrmāņi,0,1
fūrmānī,0,1
fūrmaņu rati,1,1
fūrmaņiem,3,1
fūrmanim,2,1
fūrmani,17,1
fregāti,6,1
fregātei,1,1
franču kreiserī,1,1
ešeloniem,1,1
fleiti,7,1
flagu kuģis „Mikado”,0,1
federvāģos,1,1
federu vāģi,0,1
federrati,1,1
falkonetes,1,1
faetonā,1,1
ešelonā,1,1
ešelonu,11,1
ekipāžas,7,1
ekipāžai,1,1
ejūgs,2,1
divriteņa ratos,1,1
dreimaņi,14,1
drednauti,1,1
draguņi,75,1
draguni,39,1
divzirgu ore,1,1
divzirgu,1,1
divrīči,0,1
divriču pajūgu,1,1
divriteņos,1,1
divrata,1,1
ejūgam,1,1
divplāksnis,1,1
divmastu burenieku,1,1
divmastnieku,3,1
divmastnieks,3,1
divklāji,2,1
divjūgu ormanis,1,1
divjūgu ores,1,1
divjūgi,1,1
divipajugi,1,1
drigalkas,1,1
drošku,1,1
droškā,3,1
droškām,1,1
eizenbānis,4,1
ecēšas,1,1
ecešams,0,1
džonkas,12,1
džonka,17,1
dūkanais,0,1
dēļus,1,1
dārznieka māju,0,1
dzērvju,7,1
dzelzsceļka vilciens,0,1
dzelzsceļa vilcienā,1,1
dzelzscela vilciens,0,1
dzelzsasu vāģi,0,1
dzelzsasu rati,0,1
dzelzceļš,0,1
dzelzceļa vilciens,1,1
dvjūgu kariete,0,1
durvim,23,1
dumo,4,1
briga „Zisija”,0,1
braukšus,11,1
gaisa baloni,0,1
Nekādi gaisa transporta līdzekļi nav minēti tekstā.,0,1
Ragavu,0,1
Ragavas,1,1
Pērkons,2,1
Pāles draudzes szkola,1,1
Puķu Pods,1,1
Pilnkuģgi,1,1
Pasaules lāpītājs,1,1
Oriģinālromāns,1,1
Neviens no šiem nav minēts.,0,1
Mīlulis,19,1
Reņģuciems,21,1
Māša,2,1
Mušu putniņš,0,1
Motorlaivā,0,1
Motocikletā,0,1
Merkators,1,1
Merka,12,1
Līdumnieks,1,1
Liellaivas,1,1
Lidotājs,1,1
Renē,1,1
Rūriks,1,1
Laimas,2,1
Tatāram,1,1
Ziemsvētku kamanas,1,1
Vēju,13,1
Vilcienam,1,1
Važonī,0,1
Tēva vezuma,1,1
Tvaikoniši,1,1
Turaidas pils,54,1
Tatāru,8,1
Tatārs,20,1
Tatāra,4,1
Rūriku,2,1
Tatār,38,1
Svjatopolk,3,1
Straujš,0,1
Sporta vāģis,0,1
Skārda kvēpele,1,1
Skanuļi,37,1
Sirmja vilkti,1,1
Sirmja vilktajos ratos,1,1
Sikspārnis,1,1
Lidmašīna,2,1
Labrīt,3,1
braucejs,6,1
Auto,0,1
Daugavpils vilcienu,1,1
Ceļojošā teātra,4,1
Bēglis,1,1
Buru laivas,1,1
Baltiņš,1,1
Baltais zviedru kuģis,1,1
Baiba,10,1
Automobiļa,0,1
Automobili,2,1
Augsburga kuģīti,1,1
Dzelzspiere,134,1
Arvēda pajūgs,1,1
Armijas spiestuve,1,1
Angļu „Talbot”,0,1
Angļu kuģa „Talbot”,0,1
Amerikaņu „Viksburg”,0,1
Amerikaņu kuģa „Biksburg”,0,1
"Amerikas tvaikonis „Prince""",1,1
Alfa Romeo,3,1
Aeroplāns,1,1
Div' dūjiņas,3,1
Dzenis,14,1
Kuģi,1,1
Jānis Kristītājs,1,1
Kuģa,0,1
Krokodīls,34,1
Krievu armijas,2,1
Krievijas plosti,0,1
Kaspijas jūras ekspresis,0,1
Karietes,0,1
Kamans,1,1
Kalps,11,1
Jūras vējš,4,1
Junkers'a divplāksnis,0,1
Dūkanis,5,1
Japaņu mīnu kuģus,1,1
Japaņu mīnu kuģiem,0,1
Japaņu kuģi,4,1
Japaņu kugi,1,1
Japaņu kreiseriem,0,1
Japaņu,124,1
Italiešu „Elba”,0,1
Gondolā,0,1
Francužu „Paskal”,0,1
Zirgu,3,1
``,0,1
```latviešu,0,1
automašīnu,1,1
automobīļu,1,1
automobīļa,0,1
automobīls,1,1
automobiļu rotās,0,1
automobiļu riepām,2,1
automobilītis,1,1
automobilim,0,1
automobil,11,1
automašīnās,1,1
automašinās,1,1
autotaksis,1,1
automašinu,2,1
autokārs,3,1
autokords,1,1
autogazomotori,1,1
autobusos,1,1
autobusiem,1,1
autobus,4,1
auto-limuzīnā,1,1
auns,37,1
automobīļus,1,1
avions,1,1
abas parka šķūņus,0,1
barkas „Vendas“,1,1
braucamo krēslu,0,1
bobsleju,1,1
beļģu kuģa,1,1
bebri,11,1
baļķu kuģi,0,1
baznīcas zirgs,2,1
bataljonu,10,1
barža,0,1
barkasi,2,1
balts zirģelis,0,1
aviāciju,3,1
balts zirdziņš,1,1
balto trijstāvu pili,1,1
baltiņš,3,1
baltiem egļu bomjiem,0,1
baltais zirgs,3,1
bagažas vilciens,0,1
avīzes,3,1
avārija,6,1
avižu,5,1
augļu pagrabu,1,1
augļa,1,1
atsperu ratos,1,1
aital,2,1
aizsarguzvilcienā,1,1
aizsargu,3,1
aizmucis,1,1
aizlidoja,6,1
aizjūgus,0,1
aizjūgu,1,1
aizjūgi,1,1
aiz muguras,12,1
aitala,0,1
aeroplāna,1,1
atsperu goda rati,0,1
aeroplanu motorus,1,1
aeroplanos,1,1
aeroplaniem,1,1
aeroplanam,0,1
aerodrednautus,1,1
aerodrednautu,2,1
aero motori,1,1
aero bumbam,1,1
aero,5,1
aiŗi,2,1
akmeņu sviedes,1,1
angļu kuģa,2,1
apakšsaucējs,0,1
atsperrati,2,1
atklātā karietē,1,1
astoņcollu lielgabals,0,1
artilerijas un vezumnieku karavanas,1,1
artilerijas,1,1
armijas spēka,0,1
armijas pulkus,0,1
armijas parades,2,1
armijas daļas,3,1
armijas dalībām,0,1
armijas automobiļos,0,1
armijas,31,1
arkli,4,1
arklam,1,1
arbas,1,1
arabiešu Ādlerī,1,1
apakšzemes kuģis «Kāpurs»,0,1
apakšzemes kuģis «Kurmis»,0,1
apakšzemes kuģis,6,1
gailis,0,1
gaisa balons,0,1
motociklā,4,1
lauka kukņas,1,1
lepneem zirgiem,1,1
lenaidnieka aeroplani,0,1
leišu razole,1,1
leišu kumeliņi,1,1
leduspagrabu,1,1
ledus jachta,1,1
ledum,1,1
ledlaužiem,1,1
ledlauzis,4,1
latviešu karaspēka,0,1
licejiem,1,1
lataviešu kaŗāvji,2,1
landesvērs,1,1
lakta,15,1
laiviņai,1,1
laivin̄a,0,1
laivinieku,1,1
laivinieks,1,1
laivina,0,1
laivenieku rīdze,1,1
lespieduši,1,1
lichaks,0,1
laivas (Sampana),1,1
lido,1,1
lidotāju,18,1
lidotajiem,0,1
lidotaji,1,1
lidomašīnu,0,1
lidomašīna (aeroplana),0,1
lidojumā,16,1
lidojuma,1,1
lidojošām,1,1
lidojošā,0,1
lidmašīņu,0,1
lichatšs,1,1
lidmašīn,0,1
lidmašinas modelis,1,1
lideņi,1,1
lidaparātus,0,1
lidaparātu,0,1
lidaparāti,2,1
lidaparāta,0,1
lichačā,1,1
lichačiem,1,1
laivelē,1,1
laivas (Džonkas),1,1
kumēļa,0,1
kuģa «Krokodils»,1,1
kuģiša,2,1
kuģitī,2,1
kuģis „Ara”,0,1
kuģis «Walfisch»,0,1
kuģinieks,4,1
kuģi „Kvatžima”,0,1
kuģgos,1,1
kuģcus,1,1
kuģa «Walfisch»,1,1
kučiers,5,1
kuģīšu,2,1
kučiera,7,1
kuteris,0,1
kustoņi,4,1
kustoņa,2,1
kurvjdroškā,2,1
kuražā,4,1
kuražiņā,3,1
kuražas,0,1
kupeja,5,1
kuģniecības,1,1
kuģīšus,0,1
laipu,3,1
kļavu,2,1
laipas,2,1
laikraksta auto,0,1
laidaru,7,1
labības vezumi,2,1
labības vedējs,0,1
labības kalte,0,1
labības elevatori,1,1
kūleju,3,1
kūlejs,1,1
kēvīte,0,1
kuģņis,1,1
kāzinieku pārjūgs,0,1
kāzinieku,7,1
kāpurs,1,1
kājnieku rotas,2,1
kājnieku bari,1,1
kājnieku,27,1
kājniekiem,8,1
kājas,45,1
kāda lidmašina,0,1
lidotāju parkos,0,1
lidoņa,1,1
lidoņi,1,1
līduma dūmāģs,0,1
mauzera klintem,1,1
mauzera flinte,1,1
mantu vezumi,1,1
līnijratos,5,1
līnijrati,2,1
līnijniekiem,2,1
līnijdroškā,1,1
līnijdroškas,3,1
līnijdroška,2,1
lēpas,3,1
mauzerus,3,1
lāpstu,0,1
lācēni,1,1
lācis,43,1
luksus Pulmans,1,1
ložberis,2,1
loča kuģītis,1,1
losais,2,1
lopu vagoni,0,1
lopu kuģi,1,1
mauzeri,10,1
mazo bānīti,3,1
lidošanā,1,1
milzīgs putns,1,1
motociklu,4,1
motocikls ar blakusvāģi,1,1
motociklistu,2,1
motociklists,1,1
motocikletā,0,1
motociklets ar blakusvāģi,0,1
motocikletam,1,1
motocikla,1,1
moto velosipēds,0,1
mežacūku,1,1
mačoliņu,0,1
meža zosu,4,1
metāla putns,1,1
melniš,0,1
melni,4,1
medņu,10,1
mašīnām,0,1
mašīnu,0,1
mašinām,2,1
mašinu,1,1
lopmeitas,1,1
lopi,15,1
lokšņos,0,1
lielgabalratiem,1,1
liellaivās,0,1
liellaivā,5,1
liellaivas-strūgas,1,1
Aeroplans,2,1
lielgabalu šāvieni,3,1
lielgabalu laivu „Korejecu”,0,1
lielgabalu bungas,3,1
lielgabalu bateriju virknes,0,1
lielgabalu baterijas,0,1
lielgaballaivai „Korejecam”,0,1
lokotīvei,0,1
lielgaballaiva „Korejec”,0,1
lielgabaliem,3,1
lielgabalens,1,1
lielgabala,2,1
"lielas, skaistas pilsētas",1,1
lielajos ratos,0,1
lielaiva,0,1
lielais vezums,0,1
lidēja pa pusgaisu,0,1
liels kuģis,0,1
lielumlielā rīboņa,0,1
lielā laivas,0,1
lielās liellaivās,0,1
lokomotīvei,1,1
lokomotivas,0,1
lokomobīles,1,1
lokomobīle,1,1
lokomobiļu,1,1
lokomobili,1,1
lokomobiles,1,1
lokamotīve,0,1
lode,40,1
liniju kuģi „Azaši”,0,1
liniju droškas,1,1
linijdroškā,1,1
linijdroškas,2,1
limuzīnus,1,1
limuzīne,0,1
limuzinā,1,1
limuzina,9,1
limusīni,0,1
lifts,0,1
kumēļus,0,1
kumēlīši,0,1
gaisa balonus,1,1
janča,2,1
jājamā čerkasietī,0,1
jājamā,4,1
jājamzābakos,1,1
jājamos zirgus,1,1
jājamo zirgu,3,1
jājamais zirgs,0,1
jāhta „Bridšet“,0,1
jāhta,0,1
jāchta,2,1
jaktsrati,1,1
jātnieku eskadroni,0,1
iznīcinātāju,19,1
iznīcinātājs,15,1
izlūkošanas lidmašīna,2,1
huzāri,6,1
hidroplānu,1,1
hidroplāni,0,1
hidroplanā,1,1
hidroplanu,1,1
hidroplans,2,1
jātniekiem,6,1
jātnieku eskadrons,0,1
haubiču baterija,1,1
jūras milzenis,1,1
kajietes,0,1
kabriolets,0,1
jūŗas jachta,0,1
jūŗai,2,1
jūrskolas,19,1
jūrmalas vilciens,1,1
jūrmalas vilcieni,1,1
jūras vilņi,0,1
jūras velkonis,1,1
jēriņi,1,1
jātnieku grupu,1,1
jātnieku rinda,2,1
jātnieku pulku,0,1
jātnieku pulki,0,1
jātnieku pulciņš,1,1
jātnieku patruļas,1,1
jātnieku patrulās,0,1
jātnieku nodaļu,2,1
jātnieku nodaļas,3,1
jātnieku nodaļa,8,1
hidroaeroplanu,2,1
harmoniju,2,1
kumēliņus,0,1
gaisa vilciena,1,1
gaķņām,1,1
gateris,15,1
galēras,1,1
galera,15,1
galeoni,2,1
gaisu sirotājs,0,1
gaiskuģī,1,1
gaiskuģis,1,1
gaisa vilciena vagoni,0,1
gaisa satiksmes lidmašina,0,1
gaŗa rinda,1,1
gaisa novērošanas balons,0,1
gaisa mašīnas,0,1
gaisa lidoni,1,1
gaisa kuģī,1,1
gaisa kuģus,1,1
gaisa kuģotājs,6,1
gaisa kuģniecibas,1,1
gaisa kuģiem,1,1
gaisa dundurs,1,1
gaņo kalpērbeģi,1,1
gaŗoceļagabaluno,1,1
harmonija,1,1
gondolē,4,1
gārņu,1,1
guļamvagonu,3,1
guļamvagons,0,1
gulbji,2,1
gulbja spārniem,1,1
gulbis,2,1
grožu,4,1
groži,1,1
govs,12,1
gondolās,1,1
gaŗāku vēstuli,1,1
gondoles,3,1
goda rati,1,1
goda pajūgs,1,1
goda braucamie rati,1,1
gliemji,1,1
gliemeži,2,1
gliemezis,0,1
gleznotājs,0,1
geroplaniem,1,1
kalešas,1,1
kalešu,1,1
kalešā,2,1
kaŗiete,79,1
kokasu rati,2,1
kogām,1,1
klēti,8,1
kleperi,1,1
klavieres,1,1
klambu,1,1
kaŗietē,25,1
kaŗieti,18,1
kaŗietei,19,1
kaŗeivji,1,1
korvete,1,1
kaŗeivi,6,1
kaŗaspēka,1,1
kaŗalaivām,0,1
kaŗalaivu,4,1
kaŗalaivas,1,1
kaŗakuģus,1,1
kaŗakuģis,1,1
kaŗa spēku,1,1
kaŗa spēka,1,1
komeļu,0,1
korvetes tips,1,1
kalēša,0,1
kroga vazanka,1,1
kumeļs,0,1
kumeliņu,1,1
kumeliņ,1,1
kumele,0,1
kulbas,4,1
kulba,18,1
kugiši,1,1
kugi,1,1
krusti,10,1
krievu floti,1,1
krasta braucējs,1,1
kreisers „Pallada”,0,1
kreiseriem „Asama”,0,1
kreiseriem,5,1
kreiseri „Vaŗags”,0,1
kreiseri „Diana”,0,1
kreiseri „Bojarin”,0,1
kreiseri „Askold”,0,1
kreisera „Palada”,0,1
krastbrauceja tvaikonis,0,1
kaŗa ministrs,6,1
kaŗa kuģu,2,1
kaŗa kuģis,2,1
kara kuģi,1,1
karabīne,2,1
kara traleri,1,1
kara ratu,1,1
kara pulkus,1,1
kara pulki,5,1
kara pajūgi,0,1
kara laivas,4,1
"kara kuģi: Lastin, Garnier, Marne un Aisne",0,1
"kara kuģi: Dragon, Abdiel, Vindzor un Vanguisher",0,1
kara flotes tvaikoņi,1,1
kaŗa kuģiem,3,1
kapteiņa Puuka jaunā motorkutera,1,1
kameņš,0,1
kameļā,0,1
kameļus,0,1
kameļu karavanes,0,1
kamelis,0,1
kamanu slieces,0,1
kamanu ceļš,2,1
kamaniņu,1,1
karabīni,0,1
karakuģi,1,1
karakuģu,0,1
karapulku,1,1
kaŗa kugu,1,1
kaŗa kugiem,3,1
kaŗa floti,1,1
kaŗa flotes,1,1
kaŗa,23,1
kaļakuģu,1,1
kaļa transporta rati,1,1
kazaku eskadroni,1,1
kaza,9,1
kavalerists,1,1
katvju,1,1
karītē,1,1
karātavu,9,1
karietēs,2,1
karieti,5,1
kariefes,1,1
kareivju vilcieni,1,1
karaļa pils,1,1
karaspēks,2,1
„Žikižima”,0,1
